id,no_of_adults,no_of_children,no_of_weekend_nights,no_of_week_nights,type_of_meal_plan,required_car_parking_space,room_type_reserved,lead_time,arrival_year,arrival_month,arrival_date,market_segment_type,repeated_guest,no_of_previous_cancellations,no_of_previous_bookings_not_canceled,avg_price_per_room,no_of_special_requests,is_canceled
35001,2,1,2,0,Meal Plan 1,0,Room_Type 2,48,2018,9,4,Online,0,0,0,126,1,
35002,2,0,2,3,Not Selected,0,Room_Type 1,39,2018,8,28,Online,0,0,0,100.62,0,
35003,2,0,0,1,Meal Plan 1,0,Room_Type 1,92,2018,11,11,Offline,0,0,0,90,0,
35004,3,0,1,4,Meal Plan 1,1,Room_Type 4,178,2018,8,1,Online,0,0,0,137.25,1,
35005,2,1,2,1,Not Selected,0,Room_Type 1,45,2018,9,10,Online,0,0,0,96.33,1,
35006,2,0,0,1,Meal Plan 2,0,Room_Type 1,184,2018,8,17,Online,0,0,0,139.5,1,
35007,2,0,0,4,Meal Plan 1,0,Room_Type 1,100,2018,9,28,Offline,0,0,0,100,0,
35008,2,0,0,3,Meal Plan 1,0,Room_Type 1,125,2018,12,27,Offline,0,0,0,68,1,
35009,1,0,0,3,Meal Plan 1,0,Room_Type 1,113,2018,5,31,Corporate,0,0,0,100,0,
35010,3,0,2,1,Meal Plan 1,0,Room_Type 4,59,2018,12,11,Online,0,0,0,126,0,
35011,2,0,0,1,Meal Plan 1,0,Room_Type 1,121,2018,6,9,Offline,0,0,0,120,0,
35012,1,0,1,0,Not Selected,0,Room_Type 1,4,2018,4,18,Online,0,0,0,89,1,
35013,1,0,0,2,Meal Plan 1,0,Room_Type 1,164,2017,10,2,Offline,0,0,0,100,0,
35014,1,0,0,4,Meal Plan 1,0,Room_Type 1,33,2017,10,6,Online,0,0,0,89.78,1,
35015,2,0,2,4,Meal Plan 2,0,Room_Type 1,70,2018,9,3,Online,0,0,0,170.1,0,
35016,2,0,1,3,Meal Plan 1,0,Room_Type 4,36,2017,10,29,Offline,0,0,0,71.25,0,
35017,2,0,0,3,Meal Plan 1,0,Room_Type 1,259,2018,5,5,Offline,0,0,0,90,0,
35018,3,0,2,0,Meal Plan 1,0,Room_Type 4,31,2018,8,7,Online,0,0,0,168.3,0,
35019,2,0,0,1,Not Selected,0,Room_Type 1,8,2018,12,17,Online,0,0,0,78,1,
35020,2,0,2,1,Meal Plan 1,0,Room_Type 1,145,2018,1,3,Offline,0,0,0,65,0,
35021,2,0,2,3,Meal Plan 1,0,Room_Type 1,24,2018,10,16,Offline,0,0,0,85,0,
35022,1,0,2,5,Meal Plan 1,0,Room_Type 1,8,2017,9,23,Online,0,0,0,187.43,2,
35023,1,0,0,1,Not Selected,0,Room_Type 1,8,2018,5,25,Online,0,0,0,119,0,
35024,2,0,2,2,Meal Plan 1,0,Room_Type 4,147,2018,7,1,Online,0,0,0,103.7,2,
35025,3,0,1,1,Meal Plan 1,0,Room_Type 1,33,2018,9,10,Offline,0,0,0,120.6,0,
35026,2,0,0,1,Not Selected,0,Room_Type 1,25,2018,9,9,Online,0,0,0,106.2,0,
35027,1,0,1,0,Not Selected,0,Room_Type 1,4,2018,5,23,Offline,0,0,0,144,1,
35028,1,0,0,2,Meal Plan 1,0,Room_Type 1,188,2018,6,15,Offline,0,0,0,130,0,
35029,2,0,0,2,Meal Plan 1,0,Room_Type 1,315,2018,12,2,Offline,0,0,0,52,0,
35030,2,0,1,1,Meal Plan 2,0,Room_Type 1,247,2018,6,6,Offline,0,0,0,115,1,
35031,2,0,0,3,Meal Plan 1,0,Room_Type 1,12,2017,8,5,Corporate,0,0,0,65,0,
35032,2,0,0,4,Meal Plan 1,0,Room_Type 1,19,2017,12,22,Offline,0,0,0,58,1,
35033,2,0,1,2,Meal Plan 1,0,Room_Type 1,32,2018,1,8,Offline,0,0,0,58,1,
35034,2,0,1,3,Not Selected,0,Room_Type 1,240,2018,10,27,Online,0,0,0,80.75,0,
35035,1,0,0,3,Meal Plan 1,0,Room_Type 1,166,2018,11,1,Offline,0,0,0,110,0,
35036,2,0,1,1,Meal Plan 1,0,Room_Type 1,45,2018,11,19,Online,0,0,0,93.6,0,
35037,1,0,2,1,Meal Plan 1,0,Room_Type 1,2,2018,8,7,Corporate,1,3,41,65,0,
35038,2,0,0,2,Not Selected,0,Room_Type 1,12,2018,9,14,Corporate,0,0,0,100,1,
35039,2,0,1,3,Meal Plan 1,0,Room_Type 1,114,2018,12,1,Online,0,0,0,85,1,
35040,1,0,0,1,Meal Plan 1,0,Room_Type 1,16,2018,2,26,Corporate,0,0,0,31,1,
35041,1,1,1,1,Meal Plan 2,0,Room_Type 1,131,2018,7,25,Online,0,0,0,164.25,0,
35042,1,0,1,3,Meal Plan 1,0,Room_Type 1,57,2018,6,20,Online,0,0,0,99.9,0,
35043,2,0,2,2,Meal Plan 1,0,Room_Type 1,215,2018,12,30,Online,0,0,0,94.35,1,
35044,2,0,1,3,Meal Plan 1,0,Room_Type 4,59,2018,9,5,Online,0,0,0,123.98,1,
35045,2,0,1,2,Meal Plan 1,0,Room_Type 1,150,2018,10,3,Online,0,0,0,118.8,2,
35046,2,0,0,2,Meal Plan 2,0,Room_Type 1,74,2017,9,18,Offline,0,0,0,101.5,0,
35047,2,0,1,0,Not Selected,0,Room_Type 1,31,2018,9,11,Online,0,0,0,125.1,2,
35048,1,0,0,1,Meal Plan 1,0,Room_Type 1,1,2018,2,3,Corporate,0,0,0,66,1,
35049,2,0,2,2,Meal Plan 1,0,Room_Type 1,23,2017,12,4,Corporate,0,0,0,50,0,
35050,2,0,0,2,Meal Plan 1,0,Room_Type 1,122,2018,4,15,Offline,0,0,0,85,0,
35051,2,0,0,1,Not Selected,0,Room_Type 1,0,2018,6,9,Online,0,0,0,69.01,0,
35052,2,0,0,1,Not Selected,0,Room_Type 1,2,2018,5,13,Online,0,0,0,129,1,
35053,2,0,1,0,Not Selected,0,Room_Type 1,28,2018,10,3,Online,0,0,0,126,0,
35054,2,0,0,3,Meal Plan 1,0,Room_Type 1,304,2018,11,3,Offline,0,0,0,89,0,
35055,2,0,2,3,Meal Plan 2,0,Room_Type 1,46,2018,3,4,Offline,0,0,0,103,0,
35056,2,0,1,2,Meal Plan 1,0,Room_Type 1,278,2018,12,9,Online,0,0,0,78.3,2,
35057,2,0,1,3,Meal Plan 1,0,Room_Type 1,87,2018,10,31,Online,0,0,0,90.23,1,
35058,1,0,0,3,Meal Plan 1,0,Room_Type 1,166,2018,11,1,Online,0,0,0,110,0,
35059,2,0,2,2,Meal Plan 1,0,Room_Type 1,20,2018,2,21,Offline,0,0,0,66,0,
35060,2,0,2,5,Meal Plan 1,0,Room_Type 1,277,2018,9,5,Offline,0,0,0,80,0,
35061,2,0,0,1,Meal Plan 1,0,Room_Type 1,105,2018,4,6,Offline,0,0,0,75,0,
35062,1,0,0,3,Meal Plan 1,0,Room_Type 1,113,2018,5,31,Corporate,0,0,0,100,0,
35063,2,0,1,2,Not Selected,0,Room_Type 1,74,2018,12,2,Online,0,0,0,88.2,2,
35064,2,1,2,2,Meal Plan 1,1,Room_Type 1,186,2018,8,26,Online,0,0,0,106.25,1,
35065,1,0,0,1,Meal Plan 1,0,Room_Type 1,0,2018,6,23,Online,0,0,0,69.84,0,
35066,3,0,1,2,Meal Plan 1,0,Room_Type 4,136,2018,9,30,Online,0,0,0,154.8,0,
35067,3,0,0,4,Meal Plan 1,0,Room_Type 1,24,2017,11,3,Offline,0,0,0,60.75,1,
35068,2,0,1,0,Meal Plan 1,0,Room_Type 1,1,2018,12,18,Online,0,0,0,89.5,1,
35069,3,0,0,1,Meal Plan 1,1,Room_Type 4,3,2018,8,24,Online,0,0,0,188,3,
35070,2,0,1,3,Meal Plan 1,0,Room_Type 4,26,2018,2,1,Online,0,0,0,99,1,
35071,2,1,2,1,Meal Plan 2,0,Room_Type 1,35,2018,8,28,Online,0,0,0,171.45,0,
35072,2,0,7,17,Meal Plan 1,0,Room_Type 1,188,2018,7,4,Online,0,0,0,90.95,1,
35073,1,0,1,2,Meal Plan 1,0,Room_Type 1,6,2018,5,23,Online,0,0,0,97.02,1,
35074,2,0,2,3,Meal Plan 1,0,Room_Type 4,33,2018,4,29,Online,0,0,0,140.4,0,
35075,2,0,0,2,Not Selected,0,Room_Type 1,131,2018,8,5,Online,0,0,0,76.23,2,
35076,1,0,4,9,Not Selected,0,Room_Type 1,34,2018,2,19,Online,0,0,0,69.82,0,
35077,2,0,0,1,Meal Plan 1,0,Room_Type 1,31,2018,9,27,Online,0,0,0,126,0,
35078,2,0,1,3,Not Selected,0,Room_Type 1,50,2018,2,11,Online,0,0,0,51.09,1,
35079,1,0,0,1,Meal Plan 1,0,Room_Type 1,53,2018,10,14,Offline,0,0,0,120,0,
35080,1,0,0,1,Meal Plan 1,0,Room_Type 1,8,2017,10,15,Online,0,0,0,92.4,0,
35081,2,0,0,1,Not Selected,0,Room_Type 1,0,2017,8,6,Online,0,0,0,81,0,
35082,2,0,1,1,Meal Plan 1,0,Room_Type 1,39,2018,2,8,Online,0,0,0,64.64,1,
35083,3,0,1,3,Meal Plan 1,0,Room_Type 1,35,2018,9,5,Online,0,0,0,127.44,1,
35084,2,0,2,3,Meal Plan 1,0,Room_Type 1,198,2018,8,25,Offline,0,0,0,72.25,0,
35085,2,0,2,2,Meal Plan 1,0,Room_Type 2,256,2018,8,7,Online,0,0,0,96.25,1,
35086,2,0,1,0,Meal Plan 1,0,Room_Type 1,39,2018,12,18,Online,0,0,0,74.88,1,
35087,1,0,1,0,Meal Plan 1,0,Room_Type 4,5,2018,9,12,Aviation,0,0,0,110,0,
35088,2,0,1,0,Not Selected,0,Room_Type 1,1,2018,4,17,Online,0,0,0,89,2,
35089,1,0,1,0,Meal Plan 1,0,Room_Type 1,4,2018,9,12,Online,0,0,0,110.11,1,
35090,3,0,2,2,Meal Plan 1,0,Room_Type 4,53,2018,10,16,Online,0,0,0,158.4,2,
35091,2,0,0,2,Meal Plan 1,0,Room_Type 1,101,2018,6,17,Offline,0,0,0,95.88,0,
35092,2,1,1,2,Meal Plan 1,0,Room_Type 1,117,2018,9,16,Online,0,0,0,145.8,1,
35093,2,1,2,2,Meal Plan 1,0,Room_Type 1,92,2017,9,12,Offline,0,0,0,89.55,0,
35094,2,0,0,1,Meal Plan 2,0,Room_Type 1,83,2017,9,30,Offline,0,0,0,112.2,0,
35095,1,0,1,0,Meal Plan 1,0,Room_Type 1,0,2018,4,25,Corporate,1,0,15,65,1,
35096,2,0,1,2,Meal Plan 1,0,Room_Type 1,120,2018,6,10,Online,0,0,0,126.9,0,
35097,2,2,0,1,Meal Plan 1,0,Room_Type 6,13,2017,8,27,Online,0,0,0,153,2,
35098,2,0,2,5,Meal Plan 1,0,Room_Type 1,0,2018,12,6,Online,0,0,0,90.1,1,
35099,2,0,0,3,Meal Plan 1,0,Room_Type 1,44,2018,2,17,Offline,0,0,0,75,0,
35100,2,0,1,1,Meal Plan 1,0,Room_Type 1,33,2018,9,10,Online,0,0,0,144.9,1,
35101,1,0,2,1,Meal Plan 2,0,Room_Type 1,3,2017,7,11,Offline,0,0,0,72.5,0,
35102,2,0,0,4,Meal Plan 1,0,Room_Type 1,270,2018,4,20,Offline,0,0,0,62.8,0,
35103,2,1,0,3,Meal Plan 1,0,Room_Type 1,42,2018,10,20,Online,0,0,0,164.33,1,
35104,1,0,0,1,Not Selected,0,Room_Type 1,2,2018,4,8,Online,0,0,0,89,0,
35105,1,0,2,1,Meal Plan 2,0,Room_Type 1,122,2018,3,27,Offline,0,0,0,86,0,
35106,2,0,0,3,Not Selected,0,Room_Type 1,8,2018,1,13,Online,0,0,0,69.5,0,
35107,2,0,0,1,Meal Plan 1,0,Room_Type 1,70,2017,10,22,Offline,0,0,0,85,0,
35108,3,0,1,0,Meal Plan 1,0,Room_Type 4,70,2018,7,31,Online,0,0,0,146.7,0,
35109,2,0,1,2,Meal Plan 1,0,Room_Type 4,61,2018,4,22,Online,0,0,0,118.8,0,
35110,2,0,0,2,Meal Plan 1,0,Room_Type 1,211,2018,5,20,Offline,0,0,0,100,0,
35111,2,0,2,5,Meal Plan 1,0,Room_Type 1,197,2018,8,23,Online,0,0,0,97.02,0,
35112,2,1,1,2,Meal Plan 1,0,Room_Type 1,6,2018,7,11,Online,0,0,0,169,2,
35113,2,0,1,3,Meal Plan 1,0,Room_Type 1,13,2018,2,1,Offline,0,0,0,66,0,
35114,2,0,0,1,Meal Plan 1,0,Room_Type 1,10,2018,8,24,Online,0,0,0,140,3,
35115,1,0,0,1,Meal Plan 1,0,Room_Type 1,25,2018,12,27,Offline,0,0,0,65,0,
35116,2,0,0,3,Meal Plan 2,0,Room_Type 1,88,2018,5,3,Offline,0,0,0,117,1,
35117,2,0,1,2,Meal Plan 2,0,Room_Type 1,105,2017,10,12,Offline,0,0,0,110,0,
35118,2,0,2,0,Meal Plan 1,0,Room_Type 1,1,2017,8,9,Online,0,0,0,98,0,
35119,2,0,2,2,Not Selected,0,Room_Type 1,18,2018,11,20,Online,0,0,0,61.53,1,
35120,1,0,2,2,Not Selected,0,Room_Type 1,207,2018,10,28,Online,0,0,0,85.5,0,
35121,2,0,2,3,Meal Plan 1,0,Room_Type 2,73,2018,3,17,Online,0,0,0,72.12,1,
35122,1,0,2,2,Meal Plan 1,0,Room_Type 1,7,2018,6,12,Online,0,0,0,112.5,1,
35123,2,0,1,2,Meal Plan 1,0,Room_Type 1,25,2018,8,22,Online,0,0,0,110.46,1,
35124,2,0,1,3,Meal Plan 1,0,Room_Type 1,115,2018,3,28,Offline,0,0,0,58,0,
35125,1,0,1,1,Meal Plan 1,0,Room_Type 1,32,2017,10,24,Online,0,0,0,120,1,
35126,2,0,1,1,Meal Plan 2,0,Room_Type 1,247,2018,6,6,Offline,0,0,0,111,1,
35127,3,0,0,1,Meal Plan 1,0,Room_Type 4,0,2018,8,20,Online,0,0,0,168.3,2,
35128,2,0,1,3,Meal Plan 1,0,Room_Type 1,119,2018,4,4,Offline,0,0,0,71,1,
35129,2,0,2,2,Meal Plan 1,0,Room_Type 1,23,2017,10,4,Online,0,0,0,105,2,
35130,2,0,0,1,Meal Plan 1,0,Room_Type 4,62,2018,12,7,Online,0,0,0,102.6,2,
35131,1,0,0,1,Meal Plan 1,0,Room_Type 1,0,2018,4,19,Corporate,0,0,0,85,0,
35132,1,0,0,2,Meal Plan 1,0,Room_Type 1,32,2017,11,20,Offline,0,0,0,73,0,
35133,2,0,0,2,Meal Plan 2,0,Room_Type 1,273,2017,7,17,Online,0,0,0,109,0,
35134,2,0,1,4,Meal Plan 1,0,Room_Type 4,54,2017,12,30,Online,0,0,0,118.2,1,
35135,1,0,2,2,Meal Plan 1,0,Room_Type 1,162,2018,10,14,Offline,0,0,0,115,0,
35136,2,2,2,3,Meal Plan 1,0,Room_Type 6,99,2018,5,19,Online,0,0,0,187.85,0,
35137,1,0,1,1,Meal Plan 1,0,Room_Type 4,3,2017,9,19,Online,0,0,0,177.5,1,
35138,2,0,0,2,Not Selected,0,Room_Type 1,1,2018,10,12,Online,0,0,0,100.1,1,
35139,2,0,2,3,Meal Plan 1,0,Room_Type 1,66,2018,5,8,Online,0,0,0,119.85,1,
35140,2,0,0,2,Meal Plan 2,0,Room_Type 1,292,2018,7,21,Online,0,0,0,115,0,
35141,2,0,2,2,Meal Plan 1,0,Room_Type 4,14,2018,6,19,Online,0,0,0,156,1,
35142,2,0,2,2,Meal Plan 1,0,Room_Type 1,36,2018,5,21,Online,0,0,0,126.9,2,
35143,1,0,0,1,Meal Plan 1,1,Room_Type 1,13,2018,2,17,Corporate,1,0,3,67,0,
35144,2,0,0,5,Meal Plan 1,0,Room_Type 1,140,2017,12,29,Offline,0,0,0,70,0,
35145,1,0,0,3,Meal Plan 1,0,Room_Type 1,151,2018,1,19,Offline,0,0,0,80,0,
35146,2,0,1,2,Not Selected,0,Room_Type 1,23,2018,10,17,Online,0,0,0,119,3,
35147,2,0,0,2,Meal Plan 1,0,Room_Type 1,122,2018,5,12,Online,0,0,0,105.3,0,
35148,2,0,2,2,Not Selected,0,Room_Type 1,157,2018,7,16,Online,0,0,0,87.13,0,
35149,2,0,0,3,Meal Plan 1,0,Room_Type 1,92,2017,11,11,Online,0,0,0,72.25,0,
35150,2,0,2,1,Meal Plan 1,0,Room_Type 1,49,2017,12,5,Online,0,0,0,106.2,2,
35151,2,0,0,3,Meal Plan 1,0,Room_Type 1,304,2018,11,3,Online,0,0,0,89,0,
35152,2,0,1,1,Meal Plan 2,0,Room_Type 1,247,2018,6,6,Offline,0,0,0,115,1,
35153,1,0,1,0,Not Selected,0,Room_Type 1,131,2018,10,10,Online,0,0,0,108,0,
35154,2,0,1,2,Meal Plan 1,0,Room_Type 1,78,2018,3,25,Online,0,0,0,100,0,
35155,2,0,0,1,Meal Plan 1,0,Room_Type 1,56,2018,6,8,Offline,0,0,0,120,0,
35156,2,0,1,2,Meal Plan 1,0,Room_Type 4,50,2017,11,13,Offline,0,0,0,60,0,
35157,2,0,0,1,Meal Plan 1,0,Room_Type 1,0,2018,1,2,Online,0,0,0,74.67,0,
35158,2,0,2,4,Meal Plan 1,0,Room_Type 1,17,2017,8,29,Online,0,0,0,97.5,1,
35159,2,0,1,2,Meal Plan 1,0,Room_Type 1,309,2018,5,13,Offline,0,0,0,65,0,
35160,2,0,2,2,Meal Plan 1,0,Room_Type 1,74,2017,10,17,Online,0,0,0,68.5,0,
35161,2,0,1,2,Not Selected,0,Room_Type 1,30,2018,8,5,Online,0,0,0,125.1,1,
35162,3,0,1,3,Meal Plan 1,0,Room_Type 1,105,2018,7,21,Offline,0,0,0,96.9,1,
35163,2,0,1,2,Meal Plan 1,0,Room_Type 4,189,2018,10,28,Online,0,0,0,109.8,0,
35164,1,0,2,1,Meal Plan 1,0,Room_Type 4,20,2017,10,18,Offline,0,0,0,75,0,
35165,2,0,0,2,Meal Plan 2,0,Room_Type 1,102,2017,10,16,Online,0,0,0,101.5,0,
35166,1,0,0,1,Meal Plan 1,1,Room_Type 4,14,2018,9,28,Corporate,1,0,6,119,1,
35167,2,0,0,2,Meal Plan 1,0,Room_Type 1,19,2018,6,22,Corporate,0,0,0,100,0,
35168,3,0,1,4,Meal Plan 1,0,Room_Type 4,0,2018,6,27,Online,0,0,0,134.57,3,
35169,2,0,0,1,Meal Plan 1,0,Room_Type 1,41,2018,12,27,Offline,0,0,0,65,0,
35170,2,0,2,3,Meal Plan 1,0,Room_Type 1,109,2017,8,9,Online,0,0,0,76.5,1,
35171,2,0,0,2,Meal Plan 2,0,Room_Type 1,39,2017,8,14,Offline,0,0,0,101.5,0,
35172,2,0,2,4,Meal Plan 1,0,Room_Type 1,84,2018,3,5,Offline,0,0,0,50.33,0,
35173,2,0,1,2,Meal Plan 1,0,Room_Type 4,16,2018,4,25,Online,0,0,0,136,1,
35174,1,0,2,2,Meal Plan 1,0,Room_Type 1,99,2018,7,9,Online,0,0,0,112.05,0,
35175,1,2,2,3,Meal Plan 1,0,Room_Type 4,12,2018,2,7,Online,0,0,0,97.1,1,
35176,2,0,1,3,Meal Plan 1,0,Room_Type 4,89,2018,5,16,Online,0,0,0,132.6,1,
35177,2,0,2,3,Meal Plan 1,0,Room_Type 4,79,2018,4,2,Online,0,0,0,92.65,1,
35178,2,0,0,2,Meal Plan 1,0,Room_Type 1,67,2018,11,18,Online,0,0,0,104,1,
35179,2,0,1,1,Not Selected,0,Room_Type 1,9,2018,9,19,Online,0,0,0,139,0,
35180,3,0,2,8,Meal Plan 1,0,Room_Type 4,150,2018,7,14,Online,0,0,0,131.75,2,
35181,2,0,1,2,Meal Plan 1,0,Room_Type 1,273,2018,5,13,Offline,0,0,0,95,0,
35182,1,0,0,2,Meal Plan 1,0,Room_Type 1,19,2018,6,22,Corporate,0,0,0,90,0,
35183,1,0,1,0,Meal Plan 1,0,Room_Type 1,45,2018,11,20,Online,0,0,0,86.4,0,
35184,1,0,0,1,Meal Plan 1,0,Room_Type 1,77,2018,11,23,Online,0,0,0,86.4,0,
35185,1,0,0,1,Meal Plan 1,0,Room_Type 1,2,2018,4,21,Corporate,1,0,20,67,1,
35186,3,0,2,6,Meal Plan 1,0,Room_Type 4,150,2018,6,30,Online,0,0,0,126.86,1,
35187,2,0,2,1,Meal Plan 2,0,Room_Type 1,110,2017,7,25,Offline,0,0,0,94.5,0,
35188,1,0,0,1,Meal Plan 1,0,Room_Type 1,5,2018,2,3,Corporate,0,0,0,67,0,
35189,1,0,0,2,Meal Plan 1,0,Room_Type 1,14,2017,10,15,Offline,0,0,0,100,0,
35190,1,0,0,1,Meal Plan 1,1,Room_Type 1,0,2018,3,2,Corporate,1,0,1,65,0,
35191,2,0,1,1,Meal Plan 1,1,Room_Type 1,134,2018,7,4,Online,0,0,0,109.8,0,
35192,3,0,1,2,Meal Plan 1,0,Room_Type 4,54,2018,6,17,Online,0,0,0,159.3,2,
35193,3,0,1,4,Meal Plan 1,0,Room_Type 4,195,2018,9,5,Online,0,0,0,140.25,0,
35194,2,0,1,1,Meal Plan 1,0,Room_Type 1,174,2017,10,10,Offline,0,0,0,70,0,
35195,2,0,0,3,Meal Plan 1,0,Room_Type 1,65,2017,10,8,Offline,0,0,0,72.25,0,
35196,2,1,4,8,Meal Plan 1,0,Room_Type 1,171,2018,7,15,Online,0,0,0,110.5,2,
35197,2,0,1,3,Meal Plan 1,0,Room_Type 1,107,2018,6,20,Online,0,0,0,86.72,1,
35198,3,0,2,2,Meal Plan 1,0,Room_Type 4,194,2018,8,19,Online,0,0,0,132.18,1,
35199,2,10,0,2,Meal Plan 1,0,Room_Type 4,37,2018,1,12,Online,0,0,0,84.45,1,
35200,1,0,0,1,Meal Plan 1,0,Room_Type 1,1,2018,8,2,Corporate,0,0,0,65,1,
35201,1,0,0,1,Meal Plan 1,0,Room_Type 1,2,2018,11,24,Offline,0,0,0,95,0,
35202,1,0,1,3,Meal Plan 1,0,Room_Type 1,104,2018,4,18,Online,0,0,0,72.25,1,
35203,2,0,0,1,Not Selected,0,Room_Type 1,1,2018,10,13,Online,0,0,0,120,2,
35204,2,0,1,4,Meal Plan 1,0,Room_Type 1,275,2018,10,5,Offline,0,0,0,90,0,
35205,2,0,1,3,Meal Plan 2,0,Room_Type 1,106,2018,11,21,Online,0,0,0,117.3,2,
35206,2,0,0,4,Meal Plan 1,0,Room_Type 4,52,2018,12,7,Online,0,0,0,96.9,0,
35207,2,0,2,5,Meal Plan 1,0,Room_Type 1,18,2018,11,27,Offline,0,0,0,68,0,
35208,2,0,2,2,Meal Plan 1,0,Room_Type 4,47,2018,9,18,Online,0,0,0,119.52,0,
35209,1,0,0,1,Meal Plan 1,0,Room_Type 1,0,2018,5,24,Online,0,0,0,135,0,
35210,2,0,2,2,Not Selected,0,Room_Type 1,6,2018,8,7,Online,0,0,0,148,0,
35211,1,0,2,4,Meal Plan 1,0,Room_Type 1,69,2018,6,12,Online,0,0,0,120,0,
35212,2,0,0,2,Meal Plan 1,0,Room_Type 1,70,2018,6,3,Offline,0,0,0,100,0,
35213,2,0,0,3,Meal Plan 1,0,Room_Type 1,96,2018,8,2,Complementary,0,0,0,0,1,
35214,0,2,2,5,Meal Plan 1,0,Room_Type 2,255,2018,11,12,Online,0,0,0,72,0,
35215,2,0,1,2,Meal Plan 1,0,Room_Type 1,121,2018,6,24,Offline,0,0,0,90,0,
35216,2,1,1,3,Meal Plan 1,0,Room_Type 1,57,2018,8,15,Online,0,0,0,152.1,0,
35217,2,0,0,3,Meal Plan 1,0,Room_Type 1,229,2018,10,27,Online,0,0,0,70.44,2,
35218,2,2,1,2,Not Selected,1,Room_Type 6,4,2017,8,14,Online,0,0,0,162,3,
35219,1,0,4,11,Meal Plan 1,0,Room_Type 4,26,2018,11,5,Online,0,0,0,131.57,1,
35220,2,1,2,2,Meal Plan 1,0,Room_Type 5,78,2018,3,25,Online,0,0,0,99.15,1,
35221,2,0,0,1,Meal Plan 1,1,Room_Type 6,36,2018,4,8,Online,0,0,0,103.95,0,
35222,2,0,1,0,Meal Plan 1,0,Room_Type 1,0,2018,6,6,Online,0,0,0,96.12,0,
35223,2,0,0,1,Meal Plan 2,0,Room_Type 1,83,2017,9,30,Offline,0,0,0,112.2,0,
35224,2,0,0,1,Meal Plan 2,0,Room_Type 1,100,2017,10,16,Offline,0,0,0,108,0,
35225,2,3,0,1,Meal Plan 1,0,Room_Type 6,0,2018,8,27,Online,0,0,0,168.3,2,
35226,2,0,0,3,Meal Plan 1,0,Room_Type 1,271,2018,9,21,Offline,0,0,0,101.33,1,
35227,1,1,1,3,Meal Plan 1,0,Room_Type 1,173,2018,7,11,Online,0,0,0,65.49,1,
35228,2,0,2,3,Meal Plan 1,0,Room_Type 1,55,2018,11,24,Online,0,0,0,68.07,1,
35229,2,0,0,2,Meal Plan 1,0,Room_Type 1,27,2017,9,18,Online,0,0,0,124,2,
35230,2,0,0,4,Meal Plan 1,0,Room_Type 1,35,2017,10,20,Online,0,0,0,96.3,2,
35231,2,2,1,2,Meal Plan 1,1,Room_Type 6,149,2018,8,12,Online,0,0,0,195.3,1,
35232,2,2,2,1,Meal Plan 1,0,Room_Type 6,153,2018,6,12,Online,0,0,0,189.9,0,
35233,2,1,0,4,Meal Plan 1,0,Room_Type 4,12,2017,10,6,Offline,0,0,0,123.3,1,
35234,2,0,2,5,Meal Plan 1,0,Room_Type 2,20,2017,9,1,Offline,0,0,0,86.4,1,
35235,2,0,1,2,Meal Plan 1,0,Room_Type 1,86,2018,5,20,Offline,0,0,0,65,1,
35236,2,0,0,2,Meal Plan 1,0,Room_Type 2,47,2017,11,5,Online,0,0,0,105.5,1,
35237,0,2,2,3,Meal Plan 1,0,Room_Type 2,108,2018,3,24,Online,0,0,0,120,1,
35238,2,0,2,0,Meal Plan 2,0,Room_Type 1,386,2018,10,23,Offline,0,0,0,115,1,
35239,2,0,0,2,Meal Plan 1,0,Room_Type 1,164,2018,7,1,Online,0,0,0,96.3,1,
35240,1,0,0,1,Meal Plan 1,0,Room_Type 1,35,2018,3,10,Online,0,0,0,71.1,0,
35241,2,0,1,2,Meal Plan 1,0,Room_Type 1,305,2018,11,4,Online,0,0,0,89,0,
35242,1,0,0,2,Meal Plan 1,0,Room_Type 1,188,2018,6,15,Offline,0,0,0,130,0,
35243,2,0,0,2,Not Selected,0,Room_Type 1,14,2018,4,21,Online,0,0,0,119,2,
35244,1,0,0,2,Meal Plan 1,0,Room_Type 1,119,2018,4,15,Online,0,0,0,90.9,0,
35245,1,0,2,1,Meal Plan 1,0,Room_Type 1,1,2018,2,28,Offline,0,0,0,60,0,
35246,2,0,0,2,Meal Plan 2,0,Room_Type 4,80,2017,10,9,Offline,0,0,0,136,0,
35247,2,0,0,1,Not Selected,0,Room_Type 1,122,2018,6,30,Online,0,0,0,85.5,1,
35248,2,0,1,2,Meal Plan 1,0,Room_Type 1,273,2018,5,13,Offline,0,0,0,95,0,
35249,3,0,2,1,Meal Plan 1,0,Room_Type 4,19,2018,2,20,Online,0,0,0,130,1,
35250,2,0,1,2,Meal Plan 1,0,Room_Type 1,78,2018,3,7,Offline,0,0,0,65.58,0,
35251,3,0,0,2,Meal Plan 2,0,Room_Type 4,0,2018,6,9,Online,0,0,0,157,1,
35252,2,0,0,3,Meal Plan 1,0,Room_Type 1,51,2018,7,26,Online,0,0,0,135.9,1,
35253,2,0,2,1,Meal Plan 1,0,Room_Type 1,104,2018,7,2,Online,0,0,0,88.01,2,
35254,2,0,0,1,Meal Plan 1,0,Room_Type 1,0,2017,11,28,Online,0,0,0,54.31,0,
35255,1,0,1,1,Meal Plan 1,0,Room_Type 1,4,2018,12,5,Corporate,1,0,2,79,2,
35256,2,0,1,2,Meal Plan 2,0,Room_Type 2,161,2018,3,25,Offline,0,0,0,130,0,
35257,2,0,0,4,Meal Plan 2,0,Room_Type 1,296,2018,9,21,Offline,0,0,0,117,1,
35258,2,0,2,2,Meal Plan 1,0,Room_Type 1,11,2017,10,23,Offline,0,0,0,88.5,0,
35259,3,0,0,1,Meal Plan 1,1,Room_Type 4,233,2018,10,7,Online,0,0,0,168.3,0,
35260,1,0,1,2,Meal Plan 1,0,Room_Type 1,118,2018,6,6,Offline,0,0,0,110,0,
35261,1,0,1,3,Meal Plan 1,0,Room_Type 4,6,2018,11,14,Corporate,0,0,0,100.63,0,
35262,2,0,1,3,Meal Plan 1,0,Room_Type 1,123,2017,7,13,Online,0,0,0,76.5,0,
35263,1,0,0,2,Meal Plan 1,0,Room_Type 1,1,2017,8,7,Online,0,0,0,80,1,
35264,1,0,0,1,Meal Plan 1,0,Room_Type 1,0,2017,10,20,Corporate,0,0,0,123,0,
35265,2,0,1,0,Meal Plan 1,0,Room_Type 1,9,2018,10,10,Complementary,0,0,0,0,1,
35266,1,0,2,3,Meal Plan 1,0,Room_Type 1,41,2017,10,18,Online,0,0,0,105,2,
35267,3,0,0,3,Meal Plan 1,0,Room_Type 4,163,2018,10,26,Online,0,0,0,123.3,2,
35268,1,0,1,2,Meal Plan 1,0,Room_Type 1,0,2018,10,10,Corporate,1,0,1,153,0,
35269,2,2,0,0,Meal Plan 1,0,Room_Type 6,21,2018,2,15,Online,0,0,0,0,1,
35270,2,0,1,4,Not Selected,0,Room_Type 1,79,2018,3,28,Online,0,0,0,72.25,0,
35271,2,0,2,1,Meal Plan 1,0,Room_Type 4,43,2018,2,14,Online,0,0,0,87.97,0,
35272,3,0,1,2,Meal Plan 1,0,Room_Type 4,201,2018,10,3,Online,0,0,0,142.56,2,
35273,1,0,0,1,Meal Plan 1,0,Room_Type 1,99,2018,2,19,Corporate,0,0,0,81,0,
35274,2,2,0,1,Meal Plan 1,0,Room_Type 6,14,2018,12,2,Online,0,0,0,174,0,
35275,2,1,0,2,Meal Plan 1,0,Room_Type 1,192,2018,8,3,Online,0,0,0,121.5,1,
35276,2,0,1,2,Meal Plan 2,0,Room_Type 1,161,2018,3,25,Offline,0,0,0,130,0,
35277,2,0,2,4,Meal Plan 1,0,Room_Type 2,111,2018,4,1,Online,0,0,0,73.74,1,
35278,2,0,0,3,Meal Plan 1,0,Room_Type 5,5,2018,12,7,Offline,0,0,0,119.8,1,
35279,2,0,0,2,Meal Plan 1,0,Room_Type 2,9,2018,1,29,Online,0,0,0,78.25,1,
35280,2,0,0,3,Meal Plan 1,0,Room_Type 4,11,2018,6,14,Corporate,0,0,0,90,0,
35281,3,0,2,3,Meal Plan 2,0,Room_Type 4,35,2018,8,19,Online,0,0,0,219.6,0,
35282,2,2,0,2,Meal Plan 1,0,Room_Type 6,145,2018,8,17,Online,0,0,0,190.8,2,
35283,2,0,1,3,Meal Plan 1,0,Room_Type 1,164,2018,5,2,Online,0,0,0,99.45,0,
35284,1,0,0,1,Meal Plan 1,1,Room_Type 1,19,2018,10,26,Corporate,1,0,9,98,1,
35285,3,0,2,3,Meal Plan 1,0,Room_Type 4,70,2018,4,10,Online,0,0,0,130.05,2,
35286,2,0,1,3,Meal Plan 1,0,Room_Type 4,290,2018,12,1,Online,0,0,0,86.7,0,
35287,3,0,1,1,Meal Plan 2,1,Room_Type 4,67,2018,4,30,Online,0,0,0,219.6,2,
35288,2,0,1,1,Not Selected,0,Room_Type 1,5,2018,3,21,Online,0,0,0,68.53,1,
35289,1,0,0,1,Meal Plan 1,0,Room_Type 1,0,2018,2,25,Complementary,0,0,0,0,1,
35290,1,0,1,2,Meal Plan 1,0,Room_Type 1,18,2018,4,15,Online,0,0,0,112.33,0,
35291,2,0,1,0,Meal Plan 1,0,Room_Type 1,0,2017,10,11,Online,0,0,0,126,0,
35292,2,0,2,4,Meal Plan 1,0,Room_Type 1,6,2017,8,20,Online,0,0,0,98,1,
35293,2,0,0,2,Meal Plan 1,0,Room_Type 4,39,2018,7,8,Online,0,0,0,149.4,1,
35294,3,0,2,5,Meal Plan 1,0,Room_Type 4,110,2018,6,13,Online,0,0,0,150.45,4,
35295,1,0,1,2,Meal Plan 1,0,Room_Type 4,3,2018,9,12,Corporate,0,0,0,110,0,
35296,2,0,2,0,Meal Plan 1,0,Room_Type 4,53,2018,2,28,Online,0,0,0,96.3,1,
35297,2,1,1,3,Meal Plan 1,0,Room_Type 4,166,2018,6,23,Online,0,0,0,110.37,2,
35298,2,0,0,2,Meal Plan 1,0,Room_Type 1,263,2018,10,21,Offline,0,0,0,110,0,
35299,1,0,2,1,Meal Plan 1,0,Room_Type 1,93,2018,10,15,Offline,0,0,0,115,0,
35300,2,0,2,3,Meal Plan 1,0,Room_Type 1,12,2018,12,3,Offline,0,0,0,68,2,
35301,1,0,0,1,Meal Plan 1,0,Room_Type 1,75,2017,12,9,Corporate,0,0,0,65,0,
35302,2,0,1,0,Not Selected,0,Room_Type 1,6,2018,6,13,Online,0,0,0,89,0,
35303,2,0,0,2,Meal Plan 2,0,Room_Type 4,80,2017,10,9,Offline,0,0,0,136,0,
35304,2,0,0,1,Not Selected,0,Room_Type 1,13,2018,6,28,Online,0,0,0,119,1,
35305,2,2,2,5,Meal Plan 1,0,Room_Type 6,217,2018,8,7,Online,0,0,0,167.95,0,
35306,3,0,0,1,Meal Plan 1,0,Room_Type 4,0,2018,9,27,Corporate,0,0,0,205,0,
35307,2,0,2,4,Meal Plan 2,0,Room_Type 4,67,2018,9,8,Online,0,0,0,183.6,2,
35308,1,0,2,3,Meal Plan 1,0,Room_Type 4,12,2018,4,29,Online,0,0,0,152,1,
35309,2,0,1,1,Not Selected,0,Room_Type 1,39,2018,11,19,Online,0,0,0,88,2,
35310,1,0,0,1,Meal Plan 1,0,Room_Type 1,2,2018,6,1,Offline,0,0,0,100,0,
35311,1,0,2,2,Meal Plan 1,0,Room_Type 1,163,2018,6,5,Offline,0,0,0,100,0,
35312,2,0,1,2,Meal Plan 1,0,Room_Type 1,207,2018,12,30,Offline,0,0,0,95,0,
35313,2,1,2,5,Meal Plan 1,0,Room_Type 1,197,2018,8,23,Online,0,0,0,112.32,2,
35314,3,0,2,2,Meal Plan 1,0,Room_Type 4,19,2018,2,19,Online,0,0,0,130,1,
35315,2,0,0,2,Meal Plan 2,0,Room_Type 1,377,2018,10,14,Offline,0,0,0,115,1,
35316,2,0,2,3,Meal Plan 1,0,Room_Type 1,131,2018,6,19,Online,0,0,0,80.75,0,
35317,2,0,1,2,Meal Plan 1,0,Room_Type 1,83,2018,6,10,Online,0,0,0,126.9,3,
35318,2,0,0,2,Meal Plan 2,0,Room_Type 1,102,2017,10,16,Offline,0,0,0,109,0,
35319,2,0,0,2,Meal Plan 1,0,Room_Type 1,245,2018,6,17,Offline,0,0,0,75,0,
35320,2,0,1,2,Not Selected,0,Room_Type 1,16,2018,2,12,Online,0,0,0,58.88,0,
35321,1,0,0,2,Meal Plan 1,0,Room_Type 1,103,2018,4,19,Offline,0,0,0,115,0,
35322,1,0,1,4,Meal Plan 1,0,Room_Type 4,79,2018,7,6,Online,0,0,0,129.96,0,
35323,2,0,0,2,Meal Plan 2,0,Room_Type 1,74,2017,9,18,Offline,0,0,0,109,0,
35324,2,0,0,3,Meal Plan 1,0,Room_Type 1,19,2017,10,6,Offline,1,1,0,90,0,
35325,2,0,0,1,Meal Plan 1,0,Room_Type 1,8,2017,11,4,Online,0,0,0,83,0,
35326,2,0,2,3,Meal Plan 1,0,Room_Type 2,108,2018,3,24,Online,0,0,0,120,1,
35327,1,0,0,3,Meal Plan 1,0,Room_Type 1,15,2018,2,18,Offline,0,0,0,85.33,0,
35328,2,0,0,2,Meal Plan 1,0,Room_Type 1,20,2018,7,28,Online,0,0,0,122.6,0,
35329,2,0,2,3,Meal Plan 1,0,Room_Type 1,359,2018,10,14,Offline,0,0,0,78,1,
35330,2,0,0,1,Meal Plan 1,0,Room_Type 1,105,2018,4,6,Offline,0,0,0,75,0,
35331,2,1,2,3,Meal Plan 1,0,Room_Type 1,17,2018,11,27,Online,0,0,0,97.7,0,
35332,2,0,0,4,Meal Plan 1,0,Room_Type 4,71,2018,4,6,Online,0,0,0,105.83,1,
35333,2,0,0,2,Meal Plan 2,0,Room_Type 1,59,2018,11,18,Online,0,0,0,127.8,1,
35334,2,2,0,3,Meal Plan 1,0,Room_Type 6,89,2018,7,21,Online,0,0,0,183.3,0,
35335,2,0,1,2,Not Selected,0,Room_Type 1,9,2018,12,16,Online,0,0,0,78,0,
35336,1,0,2,4,Meal Plan 1,0,Room_Type 1,245,2018,7,6,Offline,0,0,0,110,0,
35337,2,1,0,4,Meal Plan 1,0,Room_Type 1,2,2018,2,10,Online,0,0,0,117.75,2,
35338,2,0,1,2,Meal Plan 1,0,Room_Type 1,233,2018,10,14,Offline,0,0,0,90,0,
35339,2,0,1,3,Meal Plan 1,0,Room_Type 4,18,2018,9,15,Online,0,0,0,105.64,1,
35340,2,1,2,0,Meal Plan 1,0,Room_Type 1,18,2018,6,12,Online,0,0,0,129,0,
35341,2,0,0,4,Meal Plan 1,0,Room_Type 4,57,2018,4,26,Online,0,0,0,117.73,1,
35342,2,1,0,3,Meal Plan 1,0,Room_Type 4,126,2018,12,27,Offline,0,0,0,90.53,2,
35343,2,0,2,1,Not Selected,0,Room_Type 1,197,2018,10,30,Online,0,0,0,82.5,0,
35344,2,0,0,2,Meal Plan 1,0,Room_Type 4,185,2018,10,5,Online,0,0,0,122.4,1,
35345,2,0,0,2,Not Selected,0,Room_Type 1,252,2018,11,15,Online,0,0,0,67.5,0,
35346,2,0,1,2,Meal Plan 2,0,Room_Type 1,105,2017,10,12,Online,0,0,0,110,0,
35347,2,0,2,0,Meal Plan 1,0,Room_Type 1,85,2018,10,30,Online,0,0,0,90.9,1,
35348,2,0,1,2,Meal Plan 1,0,Room_Type 1,418,2018,9,26,Offline,0,0,0,75,0,
35349,2,0,0,2,Meal Plan 1,0,Room_Type 1,48,2018,9,14,Offline,0,0,0,130,0,
35350,2,0,1,1,Meal Plan 2,0,Room_Type 1,7,2017,10,5,Offline,0,0,0,112.2,0,
35351,2,1,2,3,Meal Plan 1,0,Room_Type 1,12,2018,2,12,Online,0,0,0,111,1,
35352,3,0,0,3,Meal Plan 1,0,Room_Type 4,68,2018,7,7,Online,0,0,0,149.1,0,
35353,2,0,0,1,Not Selected,0,Room_Type 1,0,2018,6,4,Online,0,0,0,129,1,
35354,2,0,0,1,Meal Plan 1,0,Room_Type 1,1,2018,8,4,Online,0,0,0,110.19,0,
35355,2,0,0,4,Meal Plan 1,0,Room_Type 1,3,2017,10,7,Offline,0,0,0,70,0,
35356,2,0,1,3,Meal Plan 1,0,Room_Type 4,69,2018,4,18,Online,0,0,0,110.08,1,
35357,1,0,2,1,Meal Plan 1,0,Room_Type 1,1,2018,2,28,Online,0,0,0,60,0,
35358,2,0,2,2,Meal Plan 1,0,Room_Type 1,55,2018,6,26,Online,0,0,0,108.9,1,
35359,1,0,0,0,Meal Plan 1,0,Room_Type 1,4,2018,4,30,Online,0,0,0,0,0,
35360,2,1,1,2,Meal Plan 1,0,Room_Type 1,101,2018,7,11,Offline,0,0,0,84.58,0,
35361,2,1,2,3,Meal Plan 1,0,Room_Type 1,236,2018,10,20,Online,0,0,0,106.25,2,
35362,2,0,0,2,Meal Plan 1,1,Room_Type 1,58,2018,12,9,Online,0,0,0,102.6,1,
35363,2,0,2,4,Not Selected,0,Room_Type 1,95,2018,12,24,Online,0,0,0,80.61,1,
35364,2,0,1,0,Not Selected,0,Room_Type 1,0,2018,9,25,Online,0,0,0,160,0,
35365,2,0,2,1,Meal Plan 2,0,Room_Type 1,110,2017,7,25,Offline,0,0,0,94.5,0,
35366,2,0,1,2,Meal Plan 1,0,Room_Type 1,6,2017,8,17,Online,0,0,0,100,2,
35367,3,0,1,4,Meal Plan 1,0,Room_Type 4,56,2018,8,29,Online,0,0,0,142.2,0,
35368,2,0,1,2,Meal Plan 1,0,Room_Type 1,280,2018,9,19,Offline,0,0,0,110,0,
35369,2,0,0,1,Meal Plan 1,0,Room_Type 1,28,2018,9,27,Offline,0,0,0,75,2,
35370,0,2,2,3,Meal Plan 1,0,Room_Type 2,216,2018,10,23,Online,0,0,0,83.83,3,
35371,2,0,2,1,Meal Plan 1,0,Room_Type 1,16,2018,1,17,Online,0,0,0,71.6,2,
35372,2,0,0,4,Meal Plan 1,0,Room_Type 1,210,2018,10,19,Online,0,0,0,96.3,2,
35373,2,0,2,1,Not Selected,0,Room_Type 1,10,2018,6,19,Online,0,0,0,129,1,
35374,2,0,1,3,Meal Plan 1,0,Room_Type 1,322,2018,5,19,Offline,0,0,0,80,0,
35375,2,0,2,2,Meal Plan 1,0,Room_Type 1,121,2018,7,3,Online,0,0,0,107.95,0,
35376,2,0,1,3,Not Selected,0,Room_Type 1,3,2017,8,10,Online,0,0,0,81,1,
35377,2,0,0,1,Meal Plan 2,0,Room_Type 1,40,2018,7,26,Offline,0,0,0,125,1,
35378,2,0,2,3,Not Selected,0,Room_Type 1,8,2018,12,4,Online,0,0,0,82,2,
35379,2,0,2,3,Not Selected,0,Room_Type 1,71,2018,4,23,Online,0,0,0,84.15,0,
35380,2,0,0,2,Meal Plan 2,0,Room_Type 1,39,2017,8,14,Offline,0,0,0,101.5,0,
35381,2,0,2,3,Meal Plan 1,0,Room_Type 4,32,2018,9,25,Online,0,0,0,109.87,0,
35382,1,0,1,3,Meal Plan 1,0,Room_Type 1,19,2018,11,14,Online,0,0,0,58.45,1,
35383,2,0,1,0,Not Selected,0,Room_Type 1,0,2018,8,8,Online,0,0,0,92,0,
35384,2,0,0,3,Not Selected,0,Room_Type 1,179,2018,8,23,Online,0,0,0,91.5,0,
35385,2,0,2,0,Meal Plan 1,0,Room_Type 1,2,2018,7,10,Complementary,0,0,0,0,1,
35386,3,0,2,4,Meal Plan 1,0,Room_Type 4,144,2018,8,17,Online,0,0,0,140.7,0,
35387,2,0,2,2,Meal Plan 1,0,Room_Type 1,25,2018,12,2,Online,0,0,0,64.67,1,
35388,2,0,1,1,Meal Plan 1,0,Room_Type 1,57,2018,5,21,Online,0,0,0,126.9,2,
35389,1,0,0,3,Meal Plan 1,0,Room_Type 1,37,2018,10,13,Offline,0,0,0,95,0,
35390,2,0,0,2,Meal Plan 1,0,Room_Type 1,7,2018,3,11,Corporate,1,0,3,84,0,
35391,2,0,0,3,Meal Plan 1,0,Room_Type 1,335,2018,10,13,Offline,0,0,0,90,1,
35392,3,0,0,4,Meal Plan 1,0,Room_Type 4,10,2018,3,23,Online,0,0,0,182,0,
35393,2,0,0,4,Meal Plan 1,0,Room_Type 4,55,2017,11,17,Offline,0,0,0,60,0,
35394,2,0,0,1,Meal Plan 1,0,Room_Type 1,2,2018,7,9,Online,0,0,0,116.27,1,
35395,2,0,2,4,Meal Plan 1,0,Room_Type 1,96,2018,4,27,Online,0,0,0,99.45,0,
35396,1,0,0,1,Not Selected,0,Room_Type 1,28,2018,11,2,Online,0,0,0,110,0,
35397,2,0,2,4,Meal Plan 1,0,Room_Type 4,119,2018,4,28,Online,0,0,0,103.7,0,
35398,2,0,1,3,Meal Plan 1,0,Room_Type 1,53,2018,4,11,Online,0,0,0,76.58,1,
35399,2,1,0,1,Meal Plan 1,0,Room_Type 1,45,2018,2,27,Online,0,0,0,86.55,1,
35400,2,0,1,3,Meal Plan 1,0,Room_Type 1,250,2018,9,26,Offline,0,0,0,95,0,
35401,3,0,0,4,Meal Plan 1,0,Room_Type 1,121,2018,7,6,Offline,0,0,0,96.9,1,
35402,2,0,0,2,Meal Plan 1,0,Room_Type 1,57,2018,11,11,Offline,0,0,0,75,0,
35403,2,0,0,1,Meal Plan 1,0,Room_Type 4,26,2018,4,13,Online,0,0,0,126,0,
35404,1,0,0,1,Meal Plan 1,0,Room_Type 1,5,2018,6,8,Online,0,0,0,115,1,
35405,2,0,0,1,Meal Plan 1,0,Room_Type 1,47,2018,12,2,Online,0,0,0,93.6,1,
35406,2,1,1,1,Meal Plan 1,0,Room_Type 6,14,2018,10,22,Online,0,0,0,168.25,1,
35407,3,0,0,4,Meal Plan 1,0,Room_Type 4,106,2018,8,24,Online,0,0,0,152.1,0,
35408,2,0,1,4,Meal Plan 1,0,Room_Type 1,63,2018,4,25,Offline,0,0,0,87.98,0,
35409,2,0,1,3,Meal Plan 1,0,Room_Type 1,162,2018,8,15,Online,0,0,0,105.83,1,
35410,1,0,0,1,Meal Plan 1,0,Room_Type 1,4,2018,2,19,Corporate,0,0,0,81,0,
35411,1,0,0,2,Meal Plan 1,0,Room_Type 6,13,2018,9,27,Online,0,0,0,176.33,0,
35412,2,0,2,2,Meal Plan 1,0,Room_Type 1,76,2018,3,18,Online,0,0,0,82.45,0,
35413,3,0,1,1,Meal Plan 1,0,Room_Type 1,171,2018,8,22,Online,0,0,0,137.7,0,
35414,2,0,0,2,Not Selected,0,Room_Type 1,222,2018,8,12,Online,0,0,0,85.5,1,
35415,1,0,1,0,Not Selected,0,Room_Type 1,6,2018,6,12,Online,0,0,0,119,1,
35416,2,0,2,6,Meal Plan 1,0,Room_Type 1,55,2018,8,30,Offline,0,0,0,85.5,0,
35417,2,0,1,0,Meal Plan 1,0,Room_Type 1,0,2018,8,1,Online,0,0,0,121,1,
35418,2,0,0,3,Meal Plan 1,0,Room_Type 1,42,2018,11,22,Offline,0,0,0,72,0,
35419,2,0,2,2,Meal Plan 1,0,Room_Type 1,23,2017,12,4,Corporate,0,0,0,50,0,
35420,3,0,0,1,Meal Plan 1,0,Room_Type 4,10,2018,3,29,Online,0,0,0,137,0,
35421,2,0,2,1,Meal Plan 2,1,Room_Type 1,93,2018,5,8,Online,0,0,0,170.1,0,
35422,2,0,0,3,Meal Plan 1,0,Room_Type 1,213,2018,6,7,Offline,0,0,0,130,0,
35423,2,0,1,2,Not Selected,0,Room_Type 1,56,2018,5,13,Online,0,0,0,116.1,1,
35424,2,0,1,2,Meal Plan 1,0,Room_Type 1,203,2018,9,5,Offline,0,0,0,80.75,0,
35425,1,0,1,0,Meal Plan 1,0,Room_Type 5,111,2018,10,10,Offline,0,0,0,120,0,
35426,1,0,0,1,Meal Plan 2,0,Room_Type 1,184,2018,8,17,Online,0,0,0,82.12,2,
35427,1,0,0,1,Meal Plan 1,0,Room_Type 1,2,2018,1,27,Complementary,0,0,0,0,0,
35428,2,1,1,4,Meal Plan 1,0,Room_Type 1,145,2018,8,29,Online,0,0,0,128.34,0,
35429,2,0,0,1,Meal Plan 1,0,Room_Type 1,20,2018,11,22,Online,0,0,0,116,0,
35430,1,0,0,2,Meal Plan 1,0,Room_Type 1,192,2018,6,24,Offline,0,0,0,95,0,
35431,2,0,1,2,Meal Plan 1,0,Room_Type 1,207,2018,12,30,Offline,0,0,0,161.67,0,
35432,2,0,0,2,Meal Plan 1,0,Room_Type 1,30,2018,6,2,Offline,0,0,0,140,0,
35433,2,0,2,3,Meal Plan 2,0,Room_Type 4,33,2018,10,2,Online,0,0,0,123.82,0,
35434,2,0,1,2,Meal Plan 1,0,Room_Type 1,305,2018,11,4,Offline,0,0,0,89,0,
35435,2,0,0,3,Not Selected,0,Room_Type 1,240,2018,8,18,Online,0,0,0,85.5,1,
35436,2,0,0,3,Meal Plan 1,0,Room_Type 4,106,2018,2,16,Offline,0,0,0,46.67,1,
35437,2,0,0,3,Meal Plan 1,0,Room_Type 1,5,2017,12,8,Corporate,0,0,0,75,0,
35438,2,0,0,2,Meal Plan 1,0,Room_Type 1,226,2018,9,16,Online,0,0,0,126.9,1,
35439,2,0,1,3,Meal Plan 1,0,Room_Type 1,46,2018,3,21,Offline,0,0,0,85,0,
35440,2,0,0,1,Meal Plan 1,0,Room_Type 4,54,2018,6,4,Online,0,0,0,159.3,0,
35441,2,1,2,1,Meal Plan 1,0,Room_Type 1,50,2018,11,5,Online,0,0,0,114.09,0,
35442,2,0,0,3,Meal Plan 1,0,Room_Type 1,30,2018,4,19,Online,0,0,0,103.5,0,
35443,3,0,0,3,Meal Plan 1,0,Room_Type 4,32,2018,7,28,Online,0,0,0,168.3,1,
35444,2,0,2,2,Not Selected,0,Room_Type 1,50,2018,3,11,Online,0,0,0,63.75,0,
35445,2,1,1,1,Meal Plan 1,0,Room_Type 2,180,2018,7,23,Online,0,0,0,112.5,0,
35446,2,0,1,2,Meal Plan 1,0,Room_Type 1,8,2018,9,16,Offline,0,0,0,126,2,
35447,1,0,0,2,Meal Plan 1,0,Room_Type 1,9,2018,3,2,Corporate,0,0,0,55,0,
35448,2,0,1,5,Not Selected,0,Room_Type 1,85,2018,3,28,Online,0,0,0,72.25,2,
35449,1,0,0,2,Meal Plan 1,0,Room_Type 1,2,2018,1,13,Corporate,1,0,1,66,0,
35450,2,0,1,2,Meal Plan 1,0,Room_Type 1,230,2018,9,2,Online,0,0,0,96.3,1,
35451,3,0,0,3,Meal Plan 1,0,Room_Type 4,45,2018,8,30,Online,0,0,0,151.2,2,
35452,3,0,0,3,Meal Plan 1,0,Room_Type 1,62,2017,10,6,Online,0,0,0,95.67,1,
35453,3,0,2,2,Meal Plan 1,0,Room_Type 4,68,2018,7,23,Online,0,0,0,137.7,2,
35454,2,0,0,2,Meal Plan 1,0,Room_Type 1,19,2018,6,22,Corporate,0,0,0,100,0,
35455,1,0,0,1,Not Selected,0,Room_Type 1,0,2018,9,2,Online,0,0,0,149,0,
35456,2,0,1,4,Meal Plan 1,0,Room_Type 1,32,2017,10,5,Online,0,0,0,97.92,2,
35457,2,0,1,1,Meal Plan 1,0,Room_Type 4,0,2018,2,15,Online,0,0,0,136,0,
35458,2,0,1,2,Not Selected,0,Room_Type 1,111,2018,11,28,Online,0,0,0,79.2,2,
35459,2,0,0,3,Meal Plan 1,0,Room_Type 1,213,2018,6,7,Offline,0,0,0,130,0,
35460,1,0,2,1,Meal Plan 2,0,Room_Type 1,245,2018,9,17,Online,0,0,0,0,0,
35461,2,0,1,0,Meal Plan 1,0,Room_Type 1,263,2017,9,21,Offline,0,0,0,67,0,
35462,1,0,1,0,Meal Plan 1,0,Room_Type 1,3,2018,7,11,Corporate,1,0,1,65,0,
35463,2,0,1,2,Meal Plan 1,0,Room_Type 1,141,2018,6,3,Offline,0,0,0,75,0,
35464,2,0,0,1,Meal Plan 1,0,Room_Type 1,5,2017,8,15,Online,0,0,0,124,2,
35465,1,0,0,1,Meal Plan 1,0,Room_Type 1,53,2018,10,14,Offline,0,0,0,120,0,
35466,1,0,0,1,Meal Plan 1,0,Room_Type 1,152,2018,1,20,Offline,0,0,0,71,0,
35467,1,0,2,2,Meal Plan 1,0,Room_Type 1,31,2018,10,9,Corporate,0,0,0,95,0,
35468,2,0,1,2,Meal Plan 1,0,Room_Type 1,25,2018,7,8,Offline,0,0,0,85,0,
35469,3,0,2,5,Meal Plan 1,0,Room_Type 4,134,2018,8,1,Online,0,0,0,132.48,0,
35470,3,0,0,3,Meal Plan 2,0,Room_Type 4,49,2018,3,30,Online,0,0,0,174.6,1,
35471,2,0,0,3,Not Selected,0,Room_Type 1,155,2018,7,7,Online,0,0,0,103.5,0,
35472,2,0,0,1,Meal Plan 2,0,Room_Type 1,221,2018,8,12,Offline,0,0,0,96,1,
35473,2,0,2,1,Meal Plan 2,0,Room_Type 1,103,2017,7,18,Offline,0,0,0,94.5,0,
35474,2,0,0,2,Meal Plan 1,0,Room_Type 1,130,2018,5,6,Online,0,0,0,114.3,1,
35475,2,0,2,5,Meal Plan 1,0,Room_Type 1,12,2018,1,16,Online,0,0,0,89,1,
35476,2,0,1,2,Meal Plan 1,0,Room_Type 1,87,2017,9,18,Online,0,0,0,89.25,1,
35477,2,2,0,2,Meal Plan 1,0,Room_Type 6,34,2018,3,18,Online,0,0,0,162.45,0,
35478,2,0,2,1,Meal Plan 1,0,Room_Type 4,19,2018,9,11,Offline,0,0,0,107,0,
35479,2,0,0,3,Meal Plan 1,0,Room_Type 1,20,2018,10,4,Online,0,0,0,149,0,
35480,2,0,2,5,Meal Plan 1,0,Room_Type 4,152,2018,7,21,Online,0,0,0,114.63,2,
35481,2,0,0,1,Meal Plan 2,0,Room_Type 1,83,2017,9,30,Offline,0,0,0,112.2,0,
35482,2,0,1,1,Meal Plan 1,0,Room_Type 1,33,2018,1,25,Corporate,0,0,0,64,0,
35483,2,0,1,2,Meal Plan 1,0,Room_Type 1,84,2018,5,2,Offline,0,0,0,75,0,
35484,2,0,0,3,Meal Plan 1,0,Room_Type 1,57,2018,6,8,Online,0,0,0,117.9,0,
35485,1,0,0,3,Meal Plan 1,1,Room_Type 1,4,2018,12,20,Corporate,1,0,1,67,1,
35486,1,0,0,1,Meal Plan 1,0,Room_Type 1,4,2018,9,15,Online,0,0,0,159,2,
35487,1,0,0,1,Meal Plan 1,0,Room_Type 1,6,2018,12,8,Corporate,1,5,55,67,2,
35488,1,0,0,1,Not Selected,0,Room_Type 1,11,2018,6,14,Online,0,0,0,78.8,0,
35489,2,0,0,1,Meal Plan 2,0,Room_Type 1,83,2017,9,30,Offline,0,0,0,112.2,0,
35490,3,0,0,2,Meal Plan 1,0,Room_Type 4,3,2018,6,10,Online,0,0,0,157,2,
35491,3,0,0,2,Meal Plan 1,0,Room_Type 4,4,2018,2,4,Online,0,0,0,133,1,
35492,3,0,2,1,Meal Plan 1,0,Room_Type 4,26,2018,7,2,Online,0,0,0,187,0,
35493,1,0,0,3,Meal Plan 1,0,Room_Type 1,276,2018,9,22,Offline,0,0,0,95.67,0,
35494,2,0,2,3,Meal Plan 1,0,Room_Type 1,208,2018,10,22,Online,0,0,0,96.3,0,
35495,2,0,1,2,Meal Plan 1,0,Room_Type 4,121,2018,5,16,Online,0,0,0,114.3,0,
35496,1,0,1,0,Meal Plan 1,0,Room_Type 1,6,2018,5,23,Corporate,0,0,0,95,0,
35497,2,0,0,2,Not Selected,0,Room_Type 1,4,2017,9,1,Online,0,0,0,96,1,
35498,2,0,2,0,Meal Plan 1,0,Room_Type 2,243,2018,6,19,Online,0,0,0,95.58,1,
35499,2,0,0,1,Meal Plan 1,0,Room_Type 1,85,2018,2,13,Online,0,0,0,87,0,
35500,2,0,0,2,Meal Plan 1,0,Room_Type 1,315,2018,12,2,Offline,0,0,0,52,0,
35501,2,0,0,3,Meal Plan 1,0,Room_Type 1,50,2017,12,31,Offline,0,0,0,71.33,0,
35502,2,0,2,3,Meal Plan 1,0,Room_Type 1,113,2018,9,11,Online,0,0,0,129.6,1,
35503,2,0,0,3,Not Selected,0,Room_Type 1,139,2018,6,15,Online,0,0,0,116.1,2,
35504,1,0,0,2,Meal Plan 1,0,Room_Type 1,47,2017,11,11,Corporate,0,0,0,65,1,
35505,2,0,0,3,Meal Plan 1,0,Room_Type 6,40,2018,9,20,Online,0,0,0,207.9,2,
35506,2,0,2,2,Not Selected,0,Room_Type 1,10,2018,10,7,Online,1,0,1,134.5,4,
35507,2,0,0,3,Meal Plan 1,0,Room_Type 4,8,2017,12,29,Online,0,0,0,142.67,0,
35508,2,0,0,2,Meal Plan 1,0,Room_Type 1,317,2018,9,15,Online,0,0,0,120,0,
35509,1,0,0,1,Meal Plan 1,0,Room_Type 1,28,2017,12,18,Corporate,0,0,0,65,0,
35510,2,0,2,5,Meal Plan 1,0,Room_Type 4,187,2018,7,11,Online,0,0,0,99.45,1,
35511,1,0,1,4,Meal Plan 2,0,Room_Type 1,12,2017,10,5,Offline,0,0,0,110.5,0,
35512,2,0,2,0,Not Selected,0,Room_Type 1,36,2018,5,22,Offline,0,0,0,92.88,0,
35513,3,0,1,2,Meal Plan 1,1,Room_Type 4,131,2018,8,26,Online,0,0,0,137.7,2,
35514,2,0,0,4,Meal Plan 1,0,Room_Type 5,19,2017,9,2,Offline,0,0,0,83.55,1,
35515,1,0,0,1,Meal Plan 1,0,Room_Type 1,8,2018,2,19,Corporate,0,0,0,80,0,
35516,1,0,0,1,Meal Plan 1,0,Room_Type 1,41,2018,5,24,Corporate,0,0,0,89,0,
35517,2,0,0,1,Meal Plan 1,0,Room_Type 5,7,2018,10,26,Corporate,1,0,3,109,0,
35518,2,0,0,3,Meal Plan 1,0,Room_Type 4,94,2018,4,14,Online,0,0,0,105.3,0,
35519,1,0,0,1,Meal Plan 2,0,Room_Type 1,219,2017,9,4,Offline,0,0,0,84,0,
35520,2,0,1,2,Meal Plan 1,0,Room_Type 1,168,2018,4,22,Offline,0,0,0,85,0,
35521,2,0,0,2,Meal Plan 1,0,Room_Type 1,28,2018,3,18,Offline,0,0,0,70,2,
35522,2,0,2,4,Meal Plan 1,0,Room_Type 4,307,2018,9,11,Online,0,0,0,108,0,
35523,2,0,1,2,Meal Plan 1,0,Room_Type 1,64,2018,6,27,Online,0,0,0,111.9,1,
35524,2,0,0,2,Meal Plan 1,0,Room_Type 1,42,2018,2,26,Offline,0,0,0,74,0,
35525,2,0,0,4,Meal Plan 1,0,Room_Type 1,8,2017,8,26,Online,0,0,0,90,2,
35526,1,0,1,0,Meal Plan 1,0,Room_Type 1,36,2018,10,16,Online,0,0,0,107.1,1,
35527,2,1,1,2,Meal Plan 2,0,Room_Type 1,173,2018,7,25,Offline,0,0,0,365,1,
35528,2,1,0,2,Meal Plan 1,1,Room_Type 1,135,2018,8,2,Online,0,0,0,130.5,0,
35529,2,0,0,1,Meal Plan 1,0,Room_Type 1,105,2018,4,6,Offline,0,0,0,75,0,
35530,2,0,0,2,Meal Plan 2,0,Room_Type 1,320,2018,8,18,Offline,0,0,0,115,1,
35531,2,0,0,3,Meal Plan 1,0,Room_Type 1,38,2017,12,31,Offline,0,0,0,118,1,
35532,2,0,0,2,Meal Plan 2,0,Room_Type 1,74,2017,9,18,Offline,0,0,0,109,0,
35533,1,0,1,1,Meal Plan 2,0,Room_Type 1,301,2018,7,30,Offline,0,0,0,90,0,
35534,2,0,1,3,Meal Plan 1,0,Room_Type 1,29,2018,12,1,Online,0,0,0,64.67,1,
35535,1,0,1,0,Meal Plan 1,0,Room_Type 1,3,2017,9,21,Offline,0,0,0,77,0,
35536,2,0,1,3,Meal Plan 1,0,Room_Type 1,287,2018,9,29,Online,0,0,0,100.3,0,
35537,1,0,0,3,Meal Plan 1,0,Room_Type 1,22,2018,12,8,Complementary,0,0,0,0,1,
35538,2,0,1,2,Meal Plan 1,0,Room_Type 1,81,2018,4,29,Offline,0,0,0,75,0,
35539,2,0,3,5,Meal Plan 1,0,Room_Type 1,160,2018,7,25,Online,0,0,0,71.6,0,
35540,2,0,2,5,Meal Plan 1,0,Room_Type 1,196,2017,8,16,Online,0,0,0,55.96,2,
35541,2,0,0,3,Meal Plan 1,0,Room_Type 1,148,2018,5,5,Online,0,0,0,105.3,0,
35542,2,0,0,1,Not Selected,0,Room_Type 1,0,2018,9,15,Online,0,0,0,106.28,0,
35543,1,0,2,7,Meal Plan 1,0,Room_Type 1,161,2018,6,28,Online,0,0,0,63.42,1,
35544,1,0,0,2,Meal Plan 1,0,Room_Type 1,1,2018,1,27,Online,0,0,0,71.7,0,
35545,2,0,0,3,Meal Plan 1,0,Room_Type 1,37,2018,10,13,Offline,0,0,0,105,0,
35546,2,0,0,2,Meal Plan 1,0,Room_Type 1,30,2018,6,2,Offline,0,0,0,140,0,
35547,2,0,2,1,Not Selected,0,Room_Type 1,173,2018,10,1,Online,0,0,0,98.1,1,
35548,1,0,0,2,Meal Plan 1,0,Room_Type 1,86,2017,9,24,Offline,0,0,0,87.5,1,
35549,2,0,2,1,Meal Plan 2,0,Room_Type 1,96,2017,7,11,Offline,0,0,0,94.5,0,
35550,2,0,1,1,Meal Plan 1,0,Room_Type 1,38,2018,6,18,Offline,0,0,0,85.5,0,
35551,2,0,2,1,Meal Plan 2,0,Room_Type 1,150,2018,1,2,Offline,0,0,0,101,0,
35552,2,0,2,5,Meal Plan 1,0,Room_Type 1,77,2018,3,22,Online,0,0,0,87.31,0,
35553,1,0,1,2,Meal Plan 1,0,Room_Type 1,1,2017,9,4,Online,0,0,0,0,0,
35554,2,0,0,2,Meal Plan 1,0,Room_Type 1,1,2017,9,30,Offline,1,1,0,102.6,0,
35555,3,0,0,1,Meal Plan 1,0,Room_Type 4,52,2018,7,23,Online,0,0,0,168.3,1,
35556,3,0,0,2,Meal Plan 1,0,Room_Type 4,4,2018,6,10,Online,0,0,0,162.75,0,
35557,2,0,0,3,Not Selected,0,Room_Type 1,64,2018,4,21,Online,0,0,0,94.5,0,
35558,2,0,0,2,Meal Plan 2,0,Room_Type 1,102,2017,10,16,Offline,0,0,0,109,0,
35559,1,0,0,2,Meal Plan 1,0,Room_Type 1,164,2017,10,2,Offline,0,0,0,100,0,
35560,1,0,0,1,Meal Plan 1,0,Room_Type 1,5,2017,10,21,Online,0,0,0,0,0,
35561,2,0,1,0,Not Selected,0,Room_Type 1,165,2018,7,17,Online,0,0,0,94.5,0,
35562,2,0,0,3,Not Selected,0,Room_Type 1,86,2018,4,5,Online,0,0,0,79.5,1,
35563,3,0,0,2,Meal Plan 1,0,Room_Type 4,130,2018,6,9,Online,0,0,0,159.3,0,
35564,2,0,1,2,Meal Plan 2,0,Room_Type 1,161,2018,3,25,Offline,0,0,0,130,0,
35565,2,0,2,8,Meal Plan 1,0,Room_Type 4,119,2018,8,17,Online,0,0,0,118.8,1,
35566,2,0,1,0,Meal Plan 1,0,Room_Type 1,17,2018,6,13,Online,0,0,0,101,1,
35567,1,0,1,1,Meal Plan 1,0,Room_Type 1,33,2018,1,25,Corporate,0,0,0,59,0,
35568,1,0,0,1,Meal Plan 1,0,Room_Type 1,1,2018,2,3,Corporate,1,0,3,66,0,
35569,2,0,1,2,Meal Plan 1,0,Room_Type 1,204,2018,8,26,Online,0,0,0,73.65,0,
35570,2,0,0,3,Meal Plan 1,0,Room_Type 1,162,2017,9,17,Offline,0,0,0,70,1,
35571,2,0,2,4,Meal Plan 1,0,Room_Type 1,91,2018,4,3,Online,0,0,0,83.87,1,
35572,2,0,1,3,Meal Plan 1,0,Room_Type 4,82,2018,3,24,Online,0,0,0,99.45,0,
35573,2,0,0,1,Not Selected,0,Room_Type 1,0,2018,7,29,Online,0,0,0,89,0,
35574,2,0,2,5,Meal Plan 2,0,Room_Type 4,51,2018,7,21,Offline,0,0,0,87.3,0,
35575,2,0,0,2,Not Selected,0,Room_Type 1,1,2017,9,29,Online,0,0,0,91.2,0,
35576,2,0,0,1,Not Selected,0,Room_Type 1,6,2018,9,16,Online,0,0,0,149,1,
35577,2,0,2,2,Meal Plan 1,0,Room_Type 1,30,2018,5,15,Online,0,0,0,126.9,1,
35578,2,0,2,2,Meal Plan 1,0,Room_Type 1,0,2018,12,10,Online,0,0,0,89.89,0,
35579,2,0,0,3,Meal Plan 1,0,Room_Type 1,304,2018,11,3,Offline,0,0,0,89,0,
35580,2,0,0,3,Meal Plan 2,0,Room_Type 1,36,2017,10,13,Offline,0,0,0,112,0,
35581,2,0,1,2,Meal Plan 1,0,Room_Type 1,89,2018,5,9,Offline,0,0,0,75,1,
35582,2,1,0,2,Meal Plan 1,0,Room_Type 1,2,2017,8,28,Online,0,0,0,123.5,3,
35583,1,0,1,0,Meal Plan 1,0,Room_Type 1,0,2018,3,28,Corporate,1,0,3,65,0,
35584,1,0,0,1,Meal Plan 1,0,Room_Type 1,0,2018,10,12,Offline,0,0,0,120,0,
35585,3,0,0,2,Meal Plan 1,0,Room_Type 5,2,2018,10,5,Online,0,0,0,225,3,
35586,1,0,1,1,Meal Plan 1,0,Room_Type 1,85,2018,12,3,Online,0,0,0,98,0,
35587,2,1,2,3,Meal Plan 1,0,Room_Type 1,5,2018,3,26,Online,0,0,0,145,1,
35588,3,0,2,5,Meal Plan 1,0,Room_Type 1,120,2018,9,11,Online,0,0,0,129.81,1,
35589,2,0,1,2,Meal Plan 1,0,Room_Type 1,273,2018,6,24,Online,0,0,0,94.5,0,
35590,1,0,1,3,Meal Plan 1,0,Room_Type 1,5,2018,10,27,Online,0,0,0,159,2,
35591,2,0,1,2,Not Selected,0,Room_Type 1,57,2018,11,11,Online,0,0,0,64.37,1,
35592,2,0,0,2,Meal Plan 2,0,Room_Type 1,74,2017,9,18,Offline,0,0,0,101.5,0,
35593,2,0,0,1,Meal Plan 1,0,Room_Type 1,2,2018,2,26,Online,0,0,0,93,0,
35594,1,0,0,2,Meal Plan 1,0,Room_Type 1,8,2017,12,9,Corporate,0,0,0,79,0,
35595,1,0,0,1,Meal Plan 1,0,Room_Type 4,2,2018,3,2,Offline,0,0,0,55,0,
35596,2,0,0,3,Meal Plan 1,0,Room_Type 4,106,2018,8,9,Online,0,0,0,131.4,2,
35597,2,1,0,3,Meal Plan 1,0,Room_Type 1,110,2018,4,27,Online,0,0,0,96.3,1,
35598,2,0,0,1,Meal Plan 1,1,Room_Type 1,60,2018,10,11,Online,0,0,0,127.8,1,
35599,2,0,1,2,Meal Plan 1,0,Room_Type 1,38,2018,5,23,Online,0,0,0,126.9,1,
35600,1,0,0,1,Meal Plan 1,0,Room_Type 4,21,2017,11,4,Offline,0,0,0,92,0,
35601,2,0,0,2,Meal Plan 2,0,Room_Type 1,39,2017,8,14,Offline,0,0,0,109,0,
35602,2,0,0,1,Meal Plan 1,0,Room_Type 1,56,2018,6,8,Offline,0,0,0,120,0,
35603,2,0,1,1,Meal Plan 1,0,Room_Type 1,32,2018,7,18,Offline,0,0,0,105,1,
35604,2,0,0,2,Meal Plan 2,0,Room_Type 1,102,2017,10,16,Offline,0,0,0,101.5,0,
35605,2,0,0,4,Meal Plan 1,1,Room_Type 1,78,2018,7,12,Online,0,0,0,114.3,2,
35606,1,0,2,2,Meal Plan 1,0,Room_Type 1,54,2018,10,16,Offline,0,0,0,66.5,0,
35607,2,0,2,4,Meal Plan 1,0,Room_Type 1,14,2018,7,23,Offline,0,0,0,85,0,
35608,2,0,1,3,Meal Plan 2,0,Room_Type 1,228,2018,10,20,Online,0,0,0,123.25,3,
35609,2,0,0,3,Meal Plan 1,0,Room_Type 4,59,2018,3,9,Online,0,0,0,87.3,1,
35610,2,0,2,4,Meal Plan 1,0,Room_Type 1,118,2018,11,13,Online,0,0,0,86.67,1,
35611,2,0,1,0,Not Selected,0,Room_Type 1,19,2018,9,25,Online,0,0,0,129,0,
35612,2,0,0,2,Meal Plan 1,0,Room_Type 1,30,2018,6,2,Offline,0,0,0,140,0,
35613,2,0,1,3,Meal Plan 1,0,Room_Type 1,109,2017,12,28,Offline,0,0,0,43.5,2,
35614,3,0,1,3,Meal Plan 1,0,Room_Type 4,35,2018,8,25,Online,0,0,0,161.78,1,
35615,2,0,0,3,Meal Plan 2,0,Room_Type 2,40,2017,10,27,Offline,0,0,0,113.4,2,
35616,2,0,1,5,Meal Plan 1,0,Room_Type 1,349,2018,10,4,Online,0,0,0,90,0,
35617,2,0,0,3,Meal Plan 1,0,Room_Type 1,72,2018,4,14,Online,0,0,0,105.3,3,
35618,2,0,1,1,Meal Plan 1,0,Room_Type 1,53,2018,2,20,Online,0,0,0,80.3,1,
35619,2,0,1,0,Not Selected,0,Room_Type 1,49,2018,7,11,Online,0,0,0,93.15,0,
35620,2,0,0,2,Meal Plan 1,0,Room_Type 1,44,2018,11,3,Online,0,0,0,77.76,0,
35621,2,0,2,1,Not Selected,0,Room_Type 1,3,2018,4,17,Online,0,0,0,89,0,
35622,2,0,1,2,Meal Plan 1,0,Room_Type 1,418,2018,9,26,Offline,0,0,0,75,0,
35623,2,0,2,1,Meal Plan 1,0,Room_Type 4,63,2018,5,28,Online,0,0,0,140.4,0,
35624,2,0,1,2,Meal Plan 1,0,Room_Type 1,280,2018,9,19,Offline,0,0,0,110,0,
35625,2,0,0,1,Not Selected,0,Room_Type 1,0,2018,2,10,Online,0,0,0,79,0,
35626,3,0,0,3,Meal Plan 1,0,Room_Type 4,82,2018,6,9,Online,0,0,0,129.59,2,
35627,1,0,0,3,Meal Plan 2,0,Room_Type 1,13,2018,4,26,Offline,0,0,0,73,0,
35628,2,0,1,0,Meal Plan 1,0,Room_Type 1,37,2018,3,13,Corporate,1,0,3,77,0,
35629,2,0,0,1,Not Selected,0,Room_Type 1,55,2018,4,12,Online,0,0,0,94.5,0,
35630,2,0,0,1,Meal Plan 1,0,Room_Type 1,1,2018,11,19,Online,0,0,0,111,1,
35631,3,0,2,2,Meal Plan 1,0,Room_Type 1,6,2018,2,7,Offline,0,0,0,90.2,1,
35632,1,0,0,2,Meal Plan 2,0,Room_Type 1,8,2017,8,14,Offline,0,0,0,87,0,
35633,2,0,0,3,Not Selected,0,Room_Type 1,24,2017,10,8,Online,0,0,0,114,2,
35634,1,0,0,1,Not Selected,0,Room_Type 1,1,2018,7,20,Online,0,0,0,99,1,
35635,1,0,0,2,Not Selected,0,Room_Type 1,1,2018,7,5,Online,0,0,0,99.33,1,
35636,2,0,2,2,Meal Plan 1,0,Room_Type 1,54,2018,10,16,Offline,0,0,0,81,0,
35637,1,0,0,1,Meal Plan 1,0,Room_Type 1,50,2018,4,2,Online,0,0,0,85.5,0,
35638,1,0,2,2,Meal Plan 1,0,Room_Type 1,54,2018,10,16,Offline,0,0,0,66.5,0,
35639,2,0,0,1,Meal Plan 1,0,Room_Type 1,11,2017,9,30,Online,0,0,0,126,1,
35640,1,0,2,1,Meal Plan 1,0,Room_Type 4,221,2017,10,17,Offline,0,0,0,60,0,
35641,2,0,0,1,Meal Plan 1,0,Room_Type 7,9,2018,12,10,Complementary,1,4,19,0,1,
35642,3,0,0,3,Meal Plan 1,0,Room_Type 1,91,2018,12,8,Offline,0,0,0,92.65,0,
35643,3,0,0,1,Meal Plan 1,0,Room_Type 4,0,2018,6,21,Online,0,0,0,177,1,
35644,2,0,1,3,Meal Plan 1,0,Room_Type 1,322,2018,5,19,Offline,0,0,0,80,0,
35645,2,0,2,6,Meal Plan 1,0,Room_Type 4,196,2018,9,3,Online,0,0,0,121.98,0,
35646,2,0,2,2,Meal Plan 1,0,Room_Type 1,99,2017,10,30,Online,0,0,0,65,0,
35647,1,0,0,3,Meal Plan 1,0,Room_Type 1,45,2018,12,8,Online,0,0,0,86.4,2,
35648,2,0,0,4,Meal Plan 1,0,Room_Type 1,159,2017,12,29,Offline,0,0,0,70.5,0,
35649,2,0,1,2,Not Selected,0,Room_Type 1,22,2018,11,14,Online,0,0,0,64.37,1,
35650,2,0,1,4,Meal Plan 1,0,Room_Type 1,3,2018,2,10,Online,0,0,0,63.88,0,
35651,2,0,1,2,Meal Plan 1,0,Room_Type 1,14,2018,11,18,Online,0,0,0,107.67,1,
35652,2,0,0,3,Meal Plan 1,0,Room_Type 1,60,2018,9,27,Online,0,0,0,135.9,0,
35653,2,0,2,3,Meal Plan 1,0,Room_Type 4,6,2018,8,26,Online,0,0,0,101.73,1,
35654,2,0,0,3,Meal Plan 1,0,Room_Type 1,7,2017,10,7,Online,0,0,0,164,2,
35655,3,0,0,3,Meal Plan 1,0,Room_Type 1,12,2017,8,5,Corporate,0,0,0,90,0,
35656,2,0,0,4,Not Selected,0,Room_Type 1,98,2018,5,3,Online,0,0,0,109.65,2,
35657,1,0,1,1,Meal Plan 1,1,Room_Type 1,1,2018,8,1,Online,0,0,0,124,1,
35658,1,0,0,2,Meal Plan 1,0,Room_Type 1,19,2018,11,1,Online,0,0,0,112,0,
35659,3,0,3,5,Meal Plan 1,0,Room_Type 4,82,2018,8,8,Online,0,0,0,150.3,2,
35660,2,0,1,2,Meal Plan 1,0,Room_Type 1,133,2018,3,11,Offline,0,0,0,84.33,1,
35661,2,0,0,2,Not Selected,0,Room_Type 1,21,2018,4,13,Online,0,0,0,117,0,
35662,3,0,1,1,Meal Plan 1,0,Room_Type 4,63,2018,7,18,Online,0,0,0,137.7,2,
35663,2,0,2,1,Meal Plan 1,0,Room_Type 4,61,2017,11,28,Offline,0,0,0,60,0,
35664,2,0,0,1,Meal Plan 1,0,Room_Type 4,1,2018,5,21,Online,0,0,0,176,0,
35665,1,0,1,2,Meal Plan 1,0,Room_Type 1,0,2018,2,15,Corporate,1,2,20,65,1,
35666,2,0,1,3,Meal Plan 1,0,Room_Type 1,50,2018,4,11,Online,0,0,0,99.45,1,
35667,3,0,0,1,Meal Plan 1,0,Room_Type 4,11,2018,5,28,Online,0,0,0,186,2,
35668,3,0,0,2,Meal Plan 1,0,Room_Type 4,25,2018,7,26,Online,0,0,0,187,2,
35669,2,0,2,0,Not Selected,1,Room_Type 1,54,2017,12,27,Online,0,0,0,85.5,1,
35670,2,0,0,1,Meal Plan 2,0,Room_Type 1,83,2017,9,30,Offline,0,0,0,112.2,0,
35671,2,1,0,1,Meal Plan 1,0,Room_Type 1,30,2018,8,5,Online,0,0,0,161.1,2,
35672,1,0,0,3,Meal Plan 1,0,Room_Type 1,113,2018,5,31,Corporate,0,0,0,100,0,
35673,2,0,2,1,Not Selected,0,Room_Type 1,30,2018,11,26,Online,0,0,0,88,0,
35674,2,0,0,2,Meal Plan 1,0,Room_Type 4,117,2018,7,29,Online,0,0,0,123.3,1,
35675,2,0,1,3,Meal Plan 1,1,Room_Type 4,17,2017,12,28,Online,0,0,0,136,1,
35676,1,0,0,2,Meal Plan 1,0,Room_Type 1,164,2017,10,2,Offline,0,0,0,100,0,
35677,2,0,2,1,Meal Plan 1,0,Room_Type 7,10,2017,12,27,Offline,0,0,0,52,0,
35678,1,0,0,2,Meal Plan 1,0,Room_Type 1,188,2018,6,15,Offline,0,0,0,130,0,
35679,2,0,0,3,Not Selected,0,Room_Type 1,21,2018,10,4,Online,0,0,0,116.1,0,
35680,2,0,2,2,Not Selected,0,Room_Type 1,199,2018,12,23,Online,0,0,0,74.8,1,
35681,2,0,0,2,Meal Plan 2,0,Room_Type 1,377,2018,10,14,Online,0,0,0,115,1,
35682,2,0,0,1,Not Selected,0,Room_Type 1,43,2018,11,16,Online,0,0,0,97,1,
35683,2,0,1,2,Meal Plan 1,0,Room_Type 1,78,2018,3,25,Offline,0,0,0,100,0,
35684,1,0,4,10,Meal Plan 1,0,Room_Type 4,64,2018,4,1,Online,0,0,0,109.65,1,
35685,2,1,3,9,Meal Plan 1,0,Room_Type 1,155,2018,8,1,Online,0,0,0,119.71,1,
35686,2,0,0,1,Meal Plan 1,0,Room_Type 1,0,2018,7,12,Online,0,0,0,151,1,
35687,2,0,2,4,Meal Plan 1,0,Room_Type 1,75,2018,12,21,Online,0,0,0,88.4,1,
35688,2,0,0,2,Not Selected,0,Room_Type 1,23,2018,10,20,Online,0,0,0,119,1,
35689,1,0,1,1,Meal Plan 1,0,Room_Type 1,155,2018,10,3,Online,0,0,0,113.4,0,
35690,3,0,2,2,Meal Plan 1,0,Room_Type 6,29,2018,9,30,Online,0,0,0,150.61,1,
35691,2,0,0,4,Meal Plan 1,0,Room_Type 1,118,2017,8,26,Online,0,0,0,58.9,1,
35692,3,0,0,1,Meal Plan 1,0,Room_Type 4,0,2018,6,17,Online,0,0,0,177,0,
35693,1,0,1,1,Meal Plan 1,0,Room_Type 1,7,2018,5,30,Corporate,1,0,2,95,0,
35694,3,0,2,2,Meal Plan 2,0,Room_Type 4,31,2018,6,26,Online,0,0,0,192.6,0,
35695,2,0,0,2,Meal Plan 2,0,Room_Type 4,80,2017,10,9,Offline,0,0,0,136,0,
35696,2,0,1,4,Meal Plan 1,0,Room_Type 1,98,2018,11,2,Online,0,0,0,90,1,
35697,2,0,1,2,Meal Plan 2,0,Room_Type 1,19,2018,2,12,Online,0,0,0,138,1,
35698,1,0,0,2,Meal Plan 1,0,Room_Type 4,62,2018,9,27,Online,0,0,0,115.04,1,
35699,2,0,0,4,Meal Plan 1,0,Room_Type 1,44,2018,11,2,Online,0,0,0,94.8,0,
35700,2,0,1,3,Meal Plan 1,0,Room_Type 1,71,2017,10,8,Online,0,0,0,90.56,1,
35701,2,0,0,2,Meal Plan 1,0,Room_Type 4,145,2018,8,17,Online,0,0,0,123.3,2,
35702,2,0,1,1,Meal Plan 1,0,Room_Type 4,31,2018,6,20,Online,0,0,0,107.1,0,
35703,2,0,0,4,Meal Plan 1,0,Room_Type 4,58,2018,6,28,Online,0,0,0,131.4,1,
35704,1,0,0,1,Meal Plan 1,0,Room_Type 1,2,2018,5,5,Corporate,1,0,3,65,0,
35705,2,0,1,1,Meal Plan 1,0,Room_Type 1,35,2017,10,26,Offline,0,0,0,76.5,1,
35706,2,0,2,2,Meal Plan 1,0,Room_Type 1,34,2018,12,25,Online,0,0,0,95.2,0,
35707,2,0,1,4,Meal Plan 1,0,Room_Type 4,191,2018,3,30,Offline,0,0,0,69,0,
35708,2,0,2,2,Meal Plan 1,1,Room_Type 1,66,2018,1,3,Online,0,0,0,106,0,
35709,2,2,2,2,Meal Plan 2,1,Room_Type 1,141,2018,7,10,Online,0,0,0,195.25,1,
35710,1,0,0,1,Meal Plan 1,0,Room_Type 1,1,2018,9,20,Aviation,0,0,0,95,0,
35711,2,0,1,2,Meal Plan 1,0,Room_Type 1,73,2018,4,29,Online,0,0,0,91.36,0,
35712,2,0,1,2,Meal Plan 1,0,Room_Type 1,68,2018,4,11,Offline,0,0,0,75,1,
35713,2,0,2,3,Meal Plan 1,0,Room_Type 4,49,2018,10,30,Online,0,0,0,124.4,1,
35714,3,0,1,2,Meal Plan 2,0,Room_Type 4,50,2018,9,2,Online,0,0,0,193.5,0,
35715,2,0,0,3,Meal Plan 1,0,Room_Type 1,46,2018,12,8,Online,0,0,0,102.6,2,
35716,2,0,0,3,Meal Plan 2,0,Room_Type 1,34,2017,9,23,Online,0,0,0,224.67,0,
35717,1,0,0,3,Meal Plan 1,0,Room_Type 1,105,2018,5,5,Online,0,0,0,117.3,0,
35718,2,0,2,5,Meal Plan 1,0,Room_Type 1,2,2017,12,28,Online,0,0,0,113.57,1,
35719,1,0,1,2,Meal Plan 1,0,Room_Type 1,5,2018,2,1,Online,0,0,0,68.22,1,
35720,2,0,2,2,Meal Plan 1,0,Room_Type 4,63,2018,4,8,Online,0,0,0,112.2,0,
35721,2,0,2,1,Meal Plan 1,0,Room_Type 1,225,2018,10,29,Online,0,0,0,74.15,1,
35722,2,0,1,0,Meal Plan 1,1,Room_Type 1,14,2018,6,26,Online,0,0,0,110,1,
35723,2,0,1,3,Not Selected,0,Room_Type 1,6,2018,12,15,Online,0,0,0,66.3,0,
35724,2,0,1,3,Not Selected,0,Room_Type 1,87,2018,7,14,Online,0,0,0,94.5,1,
35725,3,0,0,3,Meal Plan 1,0,Room_Type 4,46,2018,11,3,Online,0,0,0,129.6,2,
35726,2,0,0,2,Meal Plan 2,0,Room_Type 1,30,2017,9,30,Offline,0,0,0,121,0,
35727,2,0,1,2,Meal Plan 1,0,Room_Type 1,98,2018,3,11,Offline,0,0,0,58,0,
35728,2,0,2,1,Meal Plan 1,0,Room_Type 1,55,2018,3,13,Online,0,0,0,78.3,1,
35729,2,0,2,0,Meal Plan 2,0,Room_Type 1,275,2018,4,17,Offline,0,0,0,110,0,
35730,2,0,0,1,Not Selected,0,Room_Type 1,13,2018,4,7,Online,0,0,0,89,0,
35731,2,0,0,3,Meal Plan 1,0,Room_Type 4,1,2018,10,25,Offline,0,0,0,107,0,
35732,2,0,0,2,Not Selected,0,Room_Type 1,32,2018,12,2,Online,0,0,0,88,2,
35733,2,0,0,2,Meal Plan 1,0,Room_Type 4,32,2018,3,25,Online,0,0,0,149.4,0,
35734,1,0,0,1,Meal Plan 1,0,Room_Type 1,15,2018,2,19,Corporate,0,0,0,81,0,
35735,2,0,0,3,Meal Plan 1,0,Room_Type 1,183,2018,9,8,Offline,0,0,0,110,0,
35736,3,1,0,2,Meal Plan 1,0,Room_Type 6,11,2018,5,20,Online,0,0,0,258,3,
35737,3,0,0,3,Meal Plan 1,0,Room_Type 4,40,2018,7,26,Online,0,0,0,168.3,0,
35738,2,0,0,2,Meal Plan 1,0,Room_Type 4,19,2018,3,4,Online,0,0,0,111,0,
35739,2,0,2,2,Meal Plan 1,0,Room_Type 1,171,2018,12,31,Offline,0,0,0,76.08,1,
35740,2,0,0,4,Meal Plan 1,0,Room_Type 4,186,2018,7,26,Online,0,0,0,103.7,0,
35741,2,0,0,2,Meal Plan 2,0,Room_Type 1,320,2018,8,18,Offline,0,0,0,115,1,
35742,2,0,0,1,Meal Plan 2,0,Room_Type 1,40,2018,7,26,Offline,0,0,0,125,1,
35743,2,0,0,2,Not Selected,0,Room_Type 1,99,2018,3,17,Online,0,0,0,67.5,0,
35744,2,1,0,1,Not Selected,0,Room_Type 1,173,2018,7,8,Online,0,0,0,94.5,2,
35745,2,0,0,2,Meal Plan 1,0,Room_Type 1,8,2018,2,5,Online,0,0,0,91,1,
35746,2,0,1,4,Meal Plan 1,0,Room_Type 2,36,2017,10,21,Online,0,0,0,81.62,1,
35747,2,0,0,1,Meal Plan 1,0,Room_Type 1,5,2018,7,20,Online,0,0,0,111,1,
35748,3,0,2,2,Meal Plan 1,0,Room_Type 4,50,2018,7,10,Online,0,0,0,142.2,0,
35749,2,0,2,3,Not Selected,0,Room_Type 1,116,2018,5,15,Online,0,0,0,89.25,0,
35750,1,0,2,0,Meal Plan 2,0,Room_Type 1,386,2018,10,23,Offline,0,0,0,90,0,
35751,2,0,2,2,Meal Plan 1,0,Room_Type 1,60,2018,3,20,Online,0,0,0,75,0,
35752,2,0,1,2,Meal Plan 1,0,Room_Type 1,186,2018,4,22,Offline,0,0,0,80,0,
35753,2,0,1,2,Meal Plan 1,0,Room_Type 1,124,2018,8,1,Online,0,0,0,105.3,1,
35754,1,0,0,3,Meal Plan 1,0,Room_Type 1,71,2018,6,14,Offline,0,0,0,120,0,
35755,2,0,1,4,Meal Plan 1,0,Room_Type 2,112,2018,4,18,Online,0,0,0,76.97,0,
35756,2,0,0,2,Meal Plan 2,0,Room_Type 1,86,2017,9,24,Offline,0,0,0,120,0,
35757,0,2,1,2,Meal Plan 1,0,Room_Type 2,43,2018,2,5,Online,0,0,0,69.53,0,
35758,2,0,0,3,Meal Plan 1,0,Room_Type 1,53,2018,10,4,Online,0,0,0,118.8,2,
35759,3,0,0,2,Meal Plan 1,0,Room_Type 4,88,2018,8,19,Online,0,0,0,150.3,2,
35760,2,0,0,2,Meal Plan 1,0,Room_Type 1,245,2018,6,17,Offline,0,0,0,75,0,
35761,2,0,0,4,Meal Plan 1,0,Room_Type 1,7,2018,2,10,Online,0,0,0,93,0,
35762,2,0,1,3,Meal Plan 1,0,Room_Type 1,175,2018,9,8,Online,0,0,0,86.36,0,
35763,2,0,1,2,Meal Plan 1,0,Room_Type 1,267,2018,9,30,Offline,0,0,0,95,0,
35764,2,0,0,4,Meal Plan 1,0,Room_Type 4,12,2018,6,14,Online,0,0,0,146,2,
35765,2,1,0,2,Meal Plan 1,0,Room_Type 1,58,2018,6,8,Online,0,0,0,138.6,2,
35766,2,0,0,4,Meal Plan 2,0,Room_Type 1,113,2018,12,6,Online,0,0,0,117.3,3,
35767,2,0,0,2,Meal Plan 1,1,Room_Type 1,13,2017,10,28,Online,0,0,0,135,1,
35768,2,0,0,3,Meal Plan 1,0,Room_Type 1,0,2018,3,23,Online,0,0,0,131,0,
35769,2,0,0,2,Meal Plan 1,0,Room_Type 1,112,2018,6,2,Offline,0,0,0,100,0,
35770,2,0,1,0,Meal Plan 1,0,Room_Type 1,191,2018,5,15,Online,0,0,0,106.2,1,
35771,2,0,2,1,Meal Plan 1,0,Room_Type 4,20,2018,7,30,Online,0,0,0,117.55,1,
35772,2,0,2,2,Meal Plan 1,0,Room_Type 1,71,2018,8,26,Online,0,0,0,131.4,1,
35773,2,0,0,4,Meal Plan 1,0,Room_Type 1,110,2017,12,9,Offline,0,0,0,70,0,
35774,2,0,1,4,Meal Plan 1,0,Room_Type 1,42,2017,11,16,Online,0,0,0,104.42,1,
35775,2,0,2,2,Not Selected,0,Room_Type 1,99,2018,4,8,Online,0,0,0,83.25,0,
35776,2,0,0,3,Meal Plan 1,0,Room_Type 1,8,2018,6,30,Online,0,0,0,116.27,2,
35777,2,0,1,2,Meal Plan 1,0,Room_Type 1,302,2018,9,16,Offline,0,0,0,100,0,
35778,3,0,1,4,Meal Plan 1,0,Room_Type 4,108,2018,7,6,Online,0,0,0,138.55,2,
35779,2,1,1,2,Meal Plan 1,0,Room_Type 1,68,2018,10,10,Online,0,0,0,136.3,1,
35780,1,0,3,5,Meal Plan 1,0,Room_Type 4,2,2017,9,13,Online,0,0,0,150.25,0,
35781,2,0,0,2,Meal Plan 2,0,Room_Type 1,239,2018,6,15,Offline,0,0,0,112.2,0,
35782,2,0,2,2,Not Selected,0,Room_Type 1,44,2018,12,2,Online,0,0,0,74.8,1,
35783,2,0,2,2,Meal Plan 1,0,Room_Type 4,114,2018,5,14,Online,0,0,0,87.05,1,
35784,2,0,1,1,Meal Plan 1,1,Room_Type 1,30,2018,8,29,Online,0,0,0,122.85,1,
35785,1,0,0,2,Meal Plan 1,0,Room_Type 1,4,2017,12,8,Online,0,0,0,62.37,0,
35786,2,0,2,1,Meal Plan 2,0,Room_Type 1,124,2017,8,8,Offline,0,0,0,94.5,0,
35787,3,0,2,1,Meal Plan 1,0,Room_Type 4,29,2018,9,25,Online,0,0,0,154.93,2,
35788,2,0,1,2,Not Selected,0,Room_Type 2,112,2018,3,21,Online,0,0,0,58.9,0,
35789,2,0,1,4,Meal Plan 1,0,Room_Type 4,96,2018,10,19,Online,0,0,0,132.3,2,
35790,1,0,0,1,Meal Plan 1,0,Room_Type 1,14,2017,9,16,Online,0,0,0,114,1,
35791,2,0,0,2,Meal Plan 1,0,Room_Type 1,154,2018,8,24,Online,0,0,0,109.8,0,
35792,2,0,2,1,Meal Plan 1,0,Room_Type 1,41,2017,12,27,Online,0,0,0,65.02,0,
35793,2,0,0,3,Meal Plan 1,0,Room_Type 1,17,2017,10,1,Online,0,0,0,113.33,2,
35794,3,0,2,1,Meal Plan 2,0,Room_Type 1,1,2017,8,15,Offline,0,0,0,138.5,1,
35795,1,0,0,2,Meal Plan 1,0,Room_Type 1,103,2018,4,19,Online,0,0,0,115,0,
35796,1,0,1,0,Meal Plan 1,0,Room_Type 1,4,2017,10,12,Corporate,0,0,0,65,0,
35797,3,0,0,1,Meal Plan 1,0,Room_Type 4,45,2018,9,30,Online,0,0,0,151.2,0,
35798,2,0,0,2,Meal Plan 1,0,Room_Type 4,121,2018,7,27,Online,0,0,0,91.48,0,
35799,1,0,0,1,Not Selected,0,Room_Type 1,27,2018,7,6,Online,0,0,0,139,2,
35800,2,0,1,3,Meal Plan 1,0,Room_Type 1,124,2018,4,14,Online,0,0,0,87.55,0,
35801,2,1,0,3,Meal Plan 1,0,Room_Type 6,49,2018,12,8,Online,0,0,0,156.6,2,
35802,3,0,2,4,Meal Plan 1,0,Room_Type 4,27,2018,4,15,Online,0,0,0,142.72,0,
35803,1,0,0,3,Meal Plan 1,1,Room_Type 4,0,2018,1,5,Complementary,1,0,12,0,2,
35804,2,0,1,1,Not Selected,0,Room_Type 1,268,2018,10,1,Online,0,0,0,95.4,0,
35805,2,0,1,4,Meal Plan 1,0,Room_Type 4,62,2017,11,25,Offline,0,0,0,60,0,
35806,2,0,2,0,Not Selected,0,Room_Type 1,84,2018,11,20,Online,0,0,0,71.28,0,
35807,1,0,0,1,Meal Plan 2,0,Room_Type 1,221,2018,8,12,Offline,0,0,0,73,0,
35808,2,0,0,2,Not Selected,0,Room_Type 1,23,2018,8,2,Online,0,0,0,139,1,
35809,3,0,2,3,Meal Plan 1,1,Room_Type 4,161,2018,8,14,Online,0,0,0,145.85,2,
35810,2,0,0,2,Meal Plan 1,0,Room_Type 1,59,2018,11,11,Offline,0,0,0,75,0,
35811,2,0,0,1,Meal Plan 1,0,Room_Type 1,83,2018,9,1,Offline,0,0,0,112.8,0,
35812,2,0,1,2,Meal Plan 1,0,Room_Type 1,4,2017,11,27,Online,0,0,0,87,1,
35813,2,0,1,0,Meal Plan 1,0,Room_Type 1,10,2018,6,26,Online,0,0,0,100,0,
35814,2,0,1,2,Meal Plan 1,0,Room_Type 1,66,2017,10,9,Online,0,0,0,75,0,
35815,2,0,0,2,Meal Plan 1,0,Room_Type 1,317,2018,9,15,Offline,0,0,0,120,0,
35816,1,0,0,2,Meal Plan 1,0,Room_Type 1,1,2017,9,30,Offline,1,1,0,98.1,0,
35817,2,0,0,3,Not Selected,0,Room_Type 1,41,2018,12,1,Online,0,0,0,66.88,0,
35818,2,0,2,5,Meal Plan 1,0,Room_Type 4,132,2018,7,31,Online,0,0,0,121.37,0,
35819,2,0,0,1,Meal Plan 1,0,Room_Type 4,16,2018,5,25,Offline,0,0,0,107,0,
35820,2,0,0,4,Meal Plan 1,0,Room_Type 4,86,2018,5,10,Online,0,0,0,132.6,0,
35821,3,0,0,2,Meal Plan 1,0,Room_Type 4,112,2018,5,20,Online,0,0,0,168.3,2,
35822,2,0,1,2,Meal Plan 1,0,Room_Type 4,67,2018,10,17,Online,0,0,0,132.3,0,
35823,2,0,0,3,Not Selected,0,Room_Type 1,44,2018,10,20,Online,0,0,0,113.7,1,
35824,2,0,0,3,Meal Plan 1,1,Room_Type 1,228,2018,8,16,Online,0,0,0,118.9,1,
35825,2,0,0,3,Meal Plan 1,0,Room_Type 4,95,2018,10,20,Online,0,0,0,132.3,0,
35826,2,0,1,2,Meal Plan 1,0,Room_Type 2,224,2018,8,1,Online,0,0,0,86.63,1,
35827,2,2,2,2,Meal Plan 1,0,Room_Type 7,0,2018,7,8,Online,0,0,0,265,0,
35828,2,0,2,1,Meal Plan 1,0,Room_Type 1,19,2017,12,5,Online,0,0,0,69,2,
35829,2,1,1,5,Meal Plan 1,0,Room_Type 1,146,2018,8,1,Online,0,0,0,116.17,2,
35830,2,0,2,2,Not Selected,0,Room_Type 1,18,2018,11,25,Online,0,0,0,74.8,0,
35831,2,0,2,2,Meal Plan 1,0,Room_Type 4,56,2018,9,3,Online,0,0,0,120.38,1,
35832,2,0,2,1,Meal Plan 2,0,Room_Type 1,122,2018,3,27,Offline,0,0,0,107,1,
35833,1,0,0,1,Not Selected,0,Room_Type 1,37,2018,5,13,Online,0,0,0,116.1,0,
35834,1,0,2,4,Meal Plan 2,0,Room_Type 1,0,2018,11,5,Online,0,0,0,113.33,0,
35835,2,0,0,3,Not Selected,0,Room_Type 1,44,2018,10,20,Online,0,0,0,113.7,1,
35836,2,0,2,3,Meal Plan 1,0,Room_Type 4,76,2018,3,26,Online,0,0,0,99.45,0,
35837,2,0,2,4,Meal Plan 1,0,Room_Type 1,78,2018,3,25,Offline,0,0,0,48.33,0,
35838,2,1,2,4,Meal Plan 1,0,Room_Type 1,187,2018,8,25,Online,0,0,0,90.95,1,
35839,1,0,0,2,Meal Plan 1,0,Room_Type 1,14,2017,10,14,Corporate,0,0,0,95,0,
35840,2,0,2,5,Meal Plan 1,0,Room_Type 1,72,2017,7,22,Online,0,0,0,76.5,0,
35841,1,0,1,2,Not Selected,0,Room_Type 1,2,2018,2,5,Online,0,0,0,57.98,1,
35842,2,0,0,4,Not Selected,0,Room_Type 1,9,2018,12,28,Online,0,0,0,95.2,1,
35843,1,0,1,3,Meal Plan 1,0,Room_Type 1,83,2018,6,27,Online,0,0,0,104.4,0,
35844,1,0,2,2,Meal Plan 1,0,Room_Type 1,11,2018,11,27,Online,0,0,0,89.89,2,
35845,2,0,0,1,Meal Plan 1,0,Room_Type 1,30,2018,7,8,Online,0,0,0,135.9,0,
35846,2,0,2,1,Meal Plan 2,0,Room_Type 1,96,2017,7,11,Offline,0,0,0,94.5,0,
35847,1,0,0,1,Meal Plan 1,0,Room_Type 1,2,2017,10,22,Online,0,0,0,120,1,
35848,2,0,1,3,Meal Plan 1,0,Room_Type 1,86,2018,4,25,Online,0,0,0,90.95,1,
35849,2,0,2,5,Meal Plan 1,0,Room_Type 1,245,2018,9,22,Online,0,0,0,107.59,0,
35850,1,0,1,2,Meal Plan 1,0,Room_Type 5,290,2018,12,12,Corporate,0,0,0,106,0,
35851,2,0,0,1,Meal Plan 1,0,Room_Type 1,10,2017,9,5,Offline,0,0,0,85,1,
35852,3,0,0,2,Meal Plan 1,0,Room_Type 4,16,2018,7,1,Online,0,0,0,187,3,
35853,1,0,0,1,Meal Plan 1,0,Room_Type 1,29,2018,5,20,Corporate,0,0,0,95,0,
35854,2,0,1,4,Meal Plan 1,0,Room_Type 1,218,2018,10,17,Online,0,0,0,90.95,0,
35855,2,0,1,3,Meal Plan 1,0,Room_Type 1,56,2018,11,10,Online,0,0,0,88.23,0,
35856,2,0,0,2,Meal Plan 2,0,Room_Type 1,39,2017,8,14,Offline,0,0,0,101.5,0,
35857,2,0,0,2,Meal Plan 2,0,Room_Type 1,69,2017,9,22,Offline,0,0,0,106,0,
35858,2,0,1,3,Meal Plan 1,0,Room_Type 4,65,2018,9,5,Online,0,0,0,123.98,0,
35859,1,0,2,4,Meal Plan 1,0,Room_Type 1,245,2018,7,6,Offline,0,0,0,110,0,
35860,2,0,0,3,Not Selected,0,Room_Type 1,28,2018,10,18,Online,0,0,0,91.63,1,
35861,2,0,2,5,Not Selected,0,Room_Type 1,117,2018,11,4,Online,0,0,0,126,1,
35862,1,0,2,2,Meal Plan 1,0,Room_Type 1,107,2018,5,28,Online,0,0,0,127.93,0,
35863,2,0,2,1,Meal Plan 2,0,Room_Type 1,38,2018,11,26,Online,0,0,0,103.87,1,
35864,2,1,0,1,Meal Plan 1,0,Room_Type 1,13,2018,10,26,Offline,0,0,0,109.5,1,
35865,1,0,0,3,Meal Plan 1,0,Room_Type 1,71,2018,6,14,Offline,0,0,0,120,0,
35866,1,0,1,1,Not Selected,0,Room_Type 1,2,2018,5,23,Online,0,0,0,105.34,1,
35867,1,0,2,5,Meal Plan 1,0,Room_Type 1,5,2018,2,20,Online,0,0,0,85,0,
35868,1,0,0,1,Meal Plan 1,0,Room_Type 1,10,2018,2,4,Corporate,1,0,2,66,0,
35869,2,0,1,2,Meal Plan 1,0,Room_Type 1,24,2017,12,18,Online,0,0,0,53.58,0,
35870,2,2,1,3,Meal Plan 1,0,Room_Type 1,0,2018,3,21,Online,0,0,0,165,0,
35871,2,0,0,2,Meal Plan 2,0,Room_Type 1,256,2018,6,15,Offline,0,0,0,115,1,
35872,2,0,1,0,Meal Plan 1,0,Room_Type 1,5,2018,6,12,Online,0,0,0,131,0,
35873,2,1,2,4,Meal Plan 1,0,Room_Type 4,143,2018,4,23,Online,0,0,0,101.54,2,
35874,2,0,0,2,Meal Plan 1,0,Room_Type 4,33,2018,3,24,Online,0,0,0,140.4,0,
35875,2,0,0,3,Meal Plan 1,0,Room_Type 1,70,2018,8,31,Offline,0,0,0,80.75,0,
35876,2,0,1,2,Meal Plan 1,0,Room_Type 1,37,2018,3,11,Offline,0,0,0,63,0,
35877,1,0,0,1,Meal Plan 1,0,Room_Type 1,0,2018,1,21,Corporate,1,0,5,76,0,
35878,2,0,1,0,Meal Plan 1,0,Room_Type 4,253,2018,9,19,Online,0,0,0,115.2,2,
35879,2,0,0,3,Meal Plan 1,0,Room_Type 1,213,2018,6,7,Online,0,0,0,130,0,
35880,2,0,0,2,Meal Plan 1,0,Room_Type 4,83,2018,8,12,Online,0,0,0,140.4,1,
35881,2,0,1,2,Meal Plan 1,0,Room_Type 4,91,2018,5,13,Online,0,0,0,140.4,0,
35882,2,0,1,0,Not Selected,0,Room_Type 1,1,2018,5,23,Online,0,0,0,149,0,
35883,2,0,0,3,Meal Plan 1,0,Room_Type 4,29,2017,10,20,Offline,0,0,0,75,0,
35884,2,1,1,2,Meal Plan 1,0,Room_Type 1,202,2018,8,15,Online,0,0,0,115.5,2,
35885,2,0,0,3,Meal Plan 1,0,Room_Type 1,304,2018,11,3,Offline,0,0,0,89,0,
35886,3,0,1,2,Meal Plan 1,0,Room_Type 1,81,2018,3,25,Offline,0,0,0,94,0,
35887,2,0,1,2,Meal Plan 1,0,Room_Type 1,302,2018,9,16,Offline,0,0,0,100,0,
35888,2,2,0,3,Meal Plan 1,0,Room_Type 6,26,2018,5,19,Online,0,0,0,221,0,
35889,3,0,0,4,Meal Plan 1,0,Room_Type 4,137,2018,8,23,Online,0,0,0,133.2,0,
35890,1,0,1,1,Meal Plan 1,0,Room_Type 1,3,2018,2,1,Online,0,0,0,86,1,
35891,2,0,1,2,Meal Plan 1,0,Room_Type 1,273,2018,10,31,Online,0,0,0,90.3,1,
35892,1,0,2,0,Meal Plan 1,0,Room_Type 1,0,2018,9,18,Complementary,0,0,0,0,0,
35893,2,0,2,5,Meal Plan 1,0,Room_Type 1,246,2018,12,27,Online,0,0,0,58.36,1,
35894,1,0,0,1,Not Selected,0,Room_Type 1,76,2018,4,21,Online,0,0,0,69.3,1,
35895,2,0,1,3,Meal Plan 1,0,Room_Type 2,48,2017,10,19,Offline,0,0,0,72.36,1,
35896,3,0,0,3,Meal Plan 1,0,Room_Type 1,128,2018,5,4,Offline,0,0,0,105.4,1,
35897,2,0,0,1,Meal Plan 1,1,Room_Type 1,1,2018,1,15,Online,0,0,0,98.3,1,
35898,2,0,1,2,Meal Plan 1,0,Room_Type 1,43,2018,3,25,Offline,0,0,0,68,0,
35899,2,0,1,3,Meal Plan 1,0,Room_Type 1,108,2017,12,21,Online,0,0,0,72.25,3,
35900,1,0,0,2,Meal Plan 1,0,Room_Type 1,40,2018,6,29,Online,0,0,0,87.32,1,
35901,1,0,0,3,Meal Plan 1,0,Room_Type 1,104,2018,5,4,Online,0,0,0,110.1,1,
35902,2,0,0,2,Meal Plan 1,0,Room_Type 1,177,2018,6,3,Online,0,0,0,100,0,
35903,2,0,0,1,Not Selected,0,Room_Type 1,139,2018,7,2,Online,0,0,0,85.5,0,
35904,2,0,0,2,Meal Plan 2,0,Room_Type 1,56,2017,9,17,Offline,0,0,0,82,0,
35905,1,0,0,3,Meal Plan 1,0,Room_Type 1,46,2018,12,7,Online,0,0,0,86.4,0,
35906,2,0,0,2,Meal Plan 1,0,Room_Type 1,13,2017,8,18,Online,0,0,0,90,2,
35907,3,1,0,3,Meal Plan 1,0,Room_Type 6,2,2018,10,19,Online,0,0,0,198.28,1,
35908,2,0,0,2,Meal Plan 1,0,Room_Type 2,233,2018,8,11,Online,0,0,0,86.62,0,
35909,3,0,0,3,Meal Plan 1,0,Room_Type 4,120,2018,6,2,Online,0,0,0,159.3,1,
35910,1,0,1,3,Meal Plan 1,0,Room_Type 1,11,2017,10,19,Online,0,0,0,92.4,0,
35911,1,0,2,1,Meal Plan 1,0,Room_Type 1,116,2018,2,28,Offline,0,0,0,75,0,
35912,3,0,2,5,Meal Plan 1,0,Room_Type 4,96,2018,7,9,Online,0,0,0,141.56,2,
35913,3,0,0,4,Meal Plan 2,0,Room_Type 1,65,2018,12,21,Offline,0,0,0,122.65,0,
35914,2,0,0,3,Meal Plan 2,0,Room_Type 1,36,2017,10,13,Offline,0,0,0,112,0,
35915,2,0,1,0,Not Selected,0,Room_Type 1,1,2018,5,8,Online,0,0,0,56.47,0,
35916,2,0,0,2,Not Selected,0,Room_Type 1,18,2018,2,26,Online,0,0,0,81,0,
35917,2,0,1,5,Meal Plan 1,0,Room_Type 4,126,2018,5,9,Online,0,0,0,111.35,1,
35918,2,0,1,3,Meal Plan 1,0,Room_Type 1,30,2017,9,21,Online,0,0,0,111.6,1,
35919,1,0,1,4,Meal Plan 1,0,Room_Type 1,190,2018,6,22,Offline,0,0,0,95,0,
35920,2,0,0,1,Meal Plan 1,0,Room_Type 1,62,2018,9,3,Online,0,0,0,109.8,1,
35921,3,0,2,2,Meal Plan 1,0,Room_Type 4,84,2018,8,5,Online,0,0,0,150.3,1,
35922,2,0,2,2,Meal Plan 1,0,Room_Type 1,17,2018,2,13,Online,0,0,0,61.88,1,
35923,2,0,2,2,Meal Plan 2,0,Room_Type 1,47,2018,6,19,Online,0,0,0,142.65,1,
35924,2,0,0,4,Not Selected,0,Room_Type 1,214,2018,10,4,Online,0,0,0,92.65,0,
35925,2,0,1,1,Meal Plan 1,0,Room_Type 1,93,2018,6,20,Online,0,0,0,126.9,1,
35926,2,0,0,2,Not Selected,0,Room_Type 1,21,2018,10,26,Online,0,0,0,110,1,
35927,2,0,1,3,Not Selected,0,Room_Type 1,84,2018,10,31,Online,0,0,0,79.43,2,
35928,2,0,0,1,Meal Plan 1,1,Room_Type 1,2,2018,8,6,Online,0,0,0,179,2,
35929,2,0,2,1,Not Selected,0,Room_Type 1,6,2018,10,16,Online,0,0,0,111.67,3,
35930,2,0,0,1,Meal Plan 1,0,Room_Type 1,13,2018,9,20,Online,0,0,0,119.2,0,
35931,1,0,0,1,Meal Plan 1,0,Room_Type 1,2,2018,9,21,Corporate,0,0,0,169,0,
35932,2,0,0,1,Meal Plan 1,0,Room_Type 1,99,2018,2,19,Corporate,0,0,0,80,0,
35933,1,0,0,2,Meal Plan 2,0,Room_Type 1,56,2017,9,17,Offline,0,0,0,58,0,
35934,2,0,0,3,Meal Plan 1,0,Room_Type 1,20,2017,9,22,Online,0,0,0,124,2,
35935,1,0,1,1,Not Selected,0,Room_Type 1,87,2018,4,30,Online,0,0,0,111.6,1,
35936,2,0,1,1,Meal Plan 1,0,Room_Type 1,4,2017,9,7,Online,0,0,0,133.5,2,
35937,2,0,2,1,Meal Plan 1,0,Room_Type 2,44,2018,4,23,Offline,0,0,0,95,0,
35938,4,0,1,2,Meal Plan 1,0,Room_Type 7,31,2018,9,5,Online,0,0,0,197.65,1,
35939,2,0,1,1,Meal Plan 2,0,Room_Type 1,145,2018,10,22,Online,0,0,0,153,0,
35940,2,0,0,3,Meal Plan 2,0,Room_Type 1,150,2018,6,16,Offline,0,0,0,90,1,
35941,1,0,0,1,Meal Plan 1,0,Room_Type 1,5,2018,5,10,Corporate,1,1,9,65,0,
35942,2,0,2,2,Meal Plan 1,0,Room_Type 1,51,2018,11,11,Offline,0,0,0,75,0,
35943,1,0,0,2,Meal Plan 1,0,Room_Type 1,32,2017,11,20,Offline,0,0,0,73,0,
35944,2,0,0,1,Meal Plan 1,0,Room_Type 1,8,2018,11,5,Offline,0,0,0,130,0,
35945,1,0,0,1,Meal Plan 1,0,Room_Type 1,22,2017,11,17,Corporate,0,0,0,62,0,
35946,1,0,2,0,Not Selected,0,Room_Type 1,52,2018,10,2,Online,0,0,0,108,1,
35947,2,0,0,3,Meal Plan 1,0,Room_Type 4,78,2017,12,10,Offline,0,0,0,60,0,
35948,3,0,2,5,Meal Plan 1,1,Room_Type 4,129,2018,8,3,Online,0,0,0,151.84,2,
35949,2,0,1,0,Meal Plan 1,0,Room_Type 1,0,2018,6,27,Online,0,0,0,96.3,0,
35950,2,0,2,2,Not Selected,0,Room_Type 1,10,2018,12,23,Online,0,0,0,74.8,1,
35951,2,0,0,4,Meal Plan 1,0,Room_Type 4,97,2017,12,29,Offline,0,0,0,60.5,1,
35952,2,0,0,1,Meal Plan 1,0,Room_Type 4,8,2018,9,17,Online,0,0,0,184,0,
35953,2,0,2,2,Not Selected,0,Room_Type 1,4,2018,11,18,Online,0,0,0,87.63,1,
35954,2,0,0,1,Meal Plan 1,0,Room_Type 1,9,2018,12,3,Offline,0,0,0,89,0,
35955,1,0,0,1,Meal Plan 1,1,Room_Type 1,3,2018,3,3,Corporate,1,0,1,67,1,
35956,2,0,2,3,Meal Plan 1,0,Room_Type 1,179,2018,9,2,Online,0,0,0,119.85,0,
35957,2,0,0,1,Meal Plan 1,0,Room_Type 1,43,2017,10,13,Offline,0,0,0,85,0,
35958,2,0,1,1,Meal Plan 1,0,Room_Type 1,144,2018,7,25,Online,0,0,0,81.08,0,
35959,1,0,0,3,Meal Plan 1,0,Room_Type 1,166,2018,11,1,Offline,0,0,0,110,0,
35960,2,0,2,3,Meal Plan 1,0,Room_Type 1,25,2018,1,2,Offline,0,0,0,91,0,
35961,2,0,2,5,Meal Plan 2,0,Room_Type 1,277,2018,9,5,Offline,0,0,0,89.14,1,
35962,2,0,0,2,Meal Plan 1,0,Room_Type 1,11,2017,8,18,Corporate,0,0,0,75,0,
35963,1,0,2,2,Meal Plan 1,0,Room_Type 1,50,2018,12,3,Offline,0,0,0,63.75,0,
35964,1,0,0,2,Meal Plan 1,0,Room_Type 1,4,2018,2,12,Online,0,0,0,85,0,
35965,2,0,1,4,Meal Plan 1,0,Room_Type 1,26,2018,3,2,Offline,0,0,0,87,0,
35966,1,0,1,2,Meal Plan 1,0,Room_Type 1,57,2018,6,10,Offline,0,0,0,75.33,0,
35967,2,0,2,3,Meal Plan 1,0,Room_Type 1,256,2018,10,16,Online,0,0,0,100.75,0,
35968,2,0,2,1,Meal Plan 2,0,Room_Type 4,42,2018,3,5,Online,0,0,0,126,1,
35969,2,0,2,4,Meal Plan 1,0,Room_Type 1,53,2018,2,27,Offline,0,0,0,61.5,1,
35970,2,0,2,2,Meal Plan 1,0,Room_Type 1,229,2018,10,22,Online,0,0,0,89.25,0,
35971,2,0,0,3,Meal Plan 1,0,Room_Type 1,73,2017,11,24,Offline,0,0,0,85.67,0,
35972,1,0,1,2,Meal Plan 1,0,Room_Type 1,204,2017,10,2,Online,0,0,0,59.07,0,
35973,2,0,1,4,Meal Plan 1,0,Room_Type 1,63,2018,11,21,Online,0,0,0,88.4,3,
35974,1,0,0,1,Meal Plan 1,0,Room_Type 1,22,2017,12,18,Corporate,0,0,0,65,0,
35975,2,0,2,2,Meal Plan 1,0,Room_Type 1,251,2018,9,25,Online,0,0,0,100.3,2,
35976,1,0,2,3,Meal Plan 1,0,Room_Type 1,359,2018,10,14,Offline,0,0,0,70,0,
35977,1,0,0,1,Not Selected,0,Room_Type 1,36,2018,10,13,Online,0,0,0,102.6,2,
35978,2,0,2,1,Not Selected,1,Room_Type 1,29,2017,12,6,Offline,0,0,0,66,1,
35979,2,0,1,2,Meal Plan 1,1,Room_Type 1,11,2017,12,11,Online,0,0,0,96,2,
35980,2,0,2,2,Meal Plan 1,0,Room_Type 1,230,2018,9,18,Online,0,0,0,119.85,1,
35981,2,0,1,2,Not Selected,0,Room_Type 1,13,2018,10,17,Online,0,0,0,140,2,
35982,2,1,0,2,Meal Plan 1,0,Room_Type 1,1,2018,5,27,Online,0,0,0,179,2,
35983,2,0,2,1,Meal Plan 1,0,Room_Type 1,31,2018,2,20,Online,0,0,0,83.9,1,
35984,2,0,0,3,Meal Plan 1,0,Room_Type 1,12,2017,8,5,Corporate,0,0,0,65,0,
35985,2,0,0,1,Not Selected,0,Room_Type 1,70,2018,9,15,Online,0,0,0,125.1,1,
35986,2,0,1,0,Not Selected,0,Room_Type 1,2,2018,5,9,Online,0,0,0,89,2,
35987,2,0,2,2,Not Selected,0,Room_Type 1,30,2018,11,26,Online,0,0,0,74.8,3,
35988,2,0,2,3,Meal Plan 2,0,Room_Type 1,12,2018,2,14,Online,0,0,0,129,1,
35989,3,0,0,1,Meal Plan 1,0,Room_Type 4,22,2018,5,21,Online,0,0,0,177,2,
35990,3,0,0,2,Meal Plan 1,0,Room_Type 4,3,2018,3,17,Online,0,0,0,145,0,
35991,3,0,0,2,Meal Plan 1,0,Room_Type 4,57,2018,12,9,Online,0,0,0,126,2,
35992,1,0,2,1,Meal Plan 1,0,Room_Type 1,1,2018,2,28,Offline,0,0,0,60,0,
35993,2,0,0,2,Not Selected,0,Room_Type 1,51,2018,2,26,Online,0,0,0,67.5,0,
35994,2,2,1,2,Meal Plan 1,0,Room_Type 6,1,2018,10,28,Online,0,0,0,211.76,1,
35995,2,1,2,2,Meal Plan 1,0,Room_Type 1,107,2018,5,22,Online,0,0,0,135.15,2,
35996,1,0,0,1,Meal Plan 2,0,Room_Type 1,40,2018,7,26,Offline,0,0,0,95,0,
35997,2,0,0,4,Not Selected,0,Room_Type 1,3,2018,12,21,Online,0,0,0,67.57,1,
35998,2,0,0,3,Meal Plan 1,0,Room_Type 1,27,2018,5,10,Online,0,0,0,141,0,
35999,2,0,0,4,Not Selected,0,Room_Type 1,236,2018,9,27,Online,0,0,0,84.43,1,
36000,2,0,2,2,Meal Plan 1,0,Room_Type 1,96,2018,4,8,Online,0,0,0,88.83,1,
36001,2,0,0,2,Meal Plan 1,0,Room_Type 4,96,2018,8,26,Online,0,0,0,131.4,0,
36002,1,0,1,0,Not Selected,0,Room_Type 1,9,2018,4,10,Online,0,0,0,105,0,
36003,1,0,0,2,Meal Plan 1,0,Room_Type 1,19,2018,6,22,Corporate,0,0,0,90,0,
36004,2,0,2,2,Meal Plan 1,0,Room_Type 1,25,2017,10,4,Online,0,0,0,84,2,
36005,2,0,0,1,Meal Plan 1,0,Room_Type 2,9,2018,9,7,Complementary,1,0,3,0,1,
36006,2,0,0,1,Meal Plan 1,0,Room_Type 1,180,2017,10,16,Offline,0,0,0,70,0,
36007,2,0,0,2,Not Selected,0,Room_Type 1,9,2018,2,12,Online,0,0,0,79,1,
36008,2,0,1,0,Not Selected,0,Room_Type 1,49,2018,7,11,Online,0,0,0,93.15,0,
36009,2,0,2,2,Meal Plan 1,1,Room_Type 2,39,2017,12,27,Online,0,0,0,91.45,2,
36010,2,0,0,1,Meal Plan 1,1,Room_Type 1,20,2018,7,5,Online,0,0,0,160,1,
36011,1,0,0,1,Not Selected,0,Room_Type 1,40,2018,4,27,Online,0,0,0,72,0,
36012,1,0,0,2,Meal Plan 1,0,Room_Type 1,22,2017,9,3,Online,0,0,0,95,2,
36013,2,0,0,2,Meal Plan 1,0,Room_Type 1,24,2017,9,3,Online,0,0,0,80.85,1,
36014,1,0,0,1,Meal Plan 2,0,Room_Type 1,55,2018,4,6,Online,0,0,0,0,0,
36015,2,1,1,2,Meal Plan 1,0,Room_Type 1,81,2018,8,12,Online,0,0,0,134.1,0,
36016,2,0,1,1,Meal Plan 1,0,Room_Type 2,1,2018,1,4,Online,0,0,0,74.25,1,
36017,2,0,0,1,Not Selected,0,Room_Type 1,13,2018,12,8,Online,0,0,0,88,0,
36018,1,0,0,1,Meal Plan 1,0,Room_Type 1,6,2018,2,25,Corporate,0,0,0,80,0,
36019,1,0,0,1,Meal Plan 1,0,Room_Type 1,4,2018,2,19,Corporate,0,0,0,81,0,
36020,1,0,0,1,Meal Plan 1,0,Room_Type 1,0,2018,3,18,Offline,1,0,8,45,0,
36021,2,0,1,3,Not Selected,0,Room_Type 1,57,2018,12,5,Online,0,0,0,74.8,1,
36022,1,0,1,0,Meal Plan 1,0,Room_Type 1,0,2017,11,9,Online,0,0,0,91,1,
36023,2,0,1,2,Meal Plan 1,0,Room_Type 1,112,2017,8,17,Online,0,0,0,76.5,1,
36024,2,0,0,1,Not Selected,0,Room_Type 4,1,2017,9,3,Online,0,0,0,96,2,
36025,3,0,1,1,Meal Plan 1,0,Room_Type 4,6,2018,4,16,Online,0,0,0,152,0,
36026,2,0,1,1,Not Selected,0,Room_Type 1,33,2018,5,9,Online,0,0,0,104.49,0,
36027,2,0,1,0,Meal Plan 1,0,Room_Type 4,24,2018,6,27,Online,0,0,0,166,0,
36028,2,0,0,3,Meal Plan 1,0,Room_Type 1,2,2018,3,16,Corporate,0,0,0,40,1,
36029,2,0,2,1,Meal Plan 1,0,Room_Type 1,89,2017,11,28,Online,0,0,0,55.63,2,
36030,2,2,1,3,Meal Plan 1,0,Room_Type 6,70,2018,10,20,Online,0,0,0,227.9,0,
36031,2,0,1,1,Meal Plan 2,0,Room_Type 1,247,2018,6,6,Offline,0,0,0,115,1,
36032,2,0,0,3,Meal Plan 1,0,Room_Type 1,33,2018,6,15,Online,0,0,0,126.9,1,
36033,2,0,0,1,Meal Plan 2,0,Room_Type 1,40,2018,7,26,Offline,0,0,0,125,1,
36034,2,0,0,4,Not Selected,0,Room_Type 1,61,2018,11,16,Online,0,0,0,74.8,0,
36035,2,0,2,1,Meal Plan 1,0,Room_Type 4,8,2017,12,6,Online,0,0,0,72.22,0,
36036,2,0,0,3,Meal Plan 1,0,Room_Type 1,41,2017,10,6,Online,0,0,0,98.67,2,
36037,2,0,2,2,Not Selected,0,Room_Type 1,53,2018,3,4,Online,0,0,0,65.75,1,
36038,3,0,0,1,Not Selected,0,Room_Type 1,31,2017,12,19,Online,0,0,0,76.23,1,
36039,2,0,1,1,Meal Plan 1,0,Room_Type 4,64,2018,4,23,Online,0,0,0,118.8,1,
36040,1,0,0,2,Meal Plan 1,0,Room_Type 1,6,2018,4,20,Aviation,0,0,0,95,0,
36041,2,0,0,1,Meal Plan 1,0,Room_Type 1,182,2018,7,28,Online,0,0,0,96.3,2,
36042,2,0,2,8,Meal Plan 2,0,Room_Type 1,174,2018,8,16,Online,0,0,0,131.75,0,
36043,1,0,0,1,Meal Plan 1,0,Room_Type 1,361,2018,11,4,Online,1,1,0,91,0,
36044,2,0,1,4,Meal Plan 1,1,Room_Type 1,5,2018,3,21,Online,0,0,0,128,1,
36045,2,0,0,4,Meal Plan 1,0,Room_Type 1,296,2018,9,21,Offline,0,0,0,85,0,
36046,1,0,0,2,Meal Plan 1,0,Room_Type 1,164,2017,10,2,Offline,0,0,0,100,0,
36047,2,0,1,3,Meal Plan 1,0,Room_Type 1,254,2018,9,29,Online,0,0,0,100.3,1,
36048,2,0,1,3,Meal Plan 1,0,Room_Type 1,223,2018,9,29,Online,0,0,0,92.28,1,
36049,2,0,2,1,Meal Plan 1,0,Room_Type 1,6,2017,10,11,Offline,0,0,0,100.8,0,
36050,2,0,0,2,Not Selected,0,Room_Type 1,64,2018,1,19,Online,0,0,0,65.36,2,
36051,2,0,0,2,Not Selected,0,Room_Type 1,11,2018,12,30,Online,0,0,0,120,1,
36052,2,0,2,2,Not Selected,0,Room_Type 1,87,2018,4,9,Online,0,0,0,80.75,1,
36053,1,0,0,1,Meal Plan 1,0,Room_Type 1,0,2017,11,5,Corporate,0,0,0,89,0,
36054,2,0,0,1,Meal Plan 1,0,Room_Type 1,26,2018,6,8,Offline,0,0,0,120,0,
36055,1,0,1,0,Not Selected,0,Room_Type 1,14,2018,9,11,Online,0,0,0,89,2,
36056,2,0,1,1,Not Selected,0,Room_Type 1,16,2018,3,5,Online,0,0,0,84,0,
36057,2,0,0,1,Not Selected,0,Room_Type 1,49,2018,3,17,Online,0,0,0,71.1,1,
36058,1,0,2,4,Meal Plan 1,0,Room_Type 1,69,2018,6,12,Offline,0,0,0,120,0,
36059,2,0,0,2,Meal Plan 1,0,Room_Type 1,5,2018,10,20,Online,0,0,0,160,3,
36060,2,0,2,1,Meal Plan 1,0,Room_Type 1,115,2018,3,26,Offline,0,0,0,58,0,
36061,2,1,1,0,Meal Plan 1,0,Room_Type 1,154,2018,10,31,Online,0,0,0,78.99,2,
36062,3,0,1,5,Meal Plan 1,0,Room_Type 4,31,2018,10,3,Online,0,0,0,173.25,1,
36063,1,0,0,2,Meal Plan 1,0,Room_Type 1,64,2018,5,17,Corporate,0,0,0,130,0,
36064,3,0,1,3,Meal Plan 1,0,Room_Type 4,40,2018,3,24,Online,0,0,0,152.33,2,
36065,2,0,0,5,Meal Plan 1,0,Room_Type 4,190,2018,8,9,Offline,0,0,0,84.25,0,
36066,2,0,0,2,Meal Plan 2,0,Room_Type 1,256,2018,6,15,Offline,0,0,0,115,1,
36067,2,0,1,2,Meal Plan 1,0,Room_Type 1,132,2018,5,16,Online,0,0,0,105.3,1,
36068,3,0,0,3,Meal Plan 1,0,Room_Type 4,117,2018,7,14,Online,0,0,0,146.7,0,
36069,2,0,1,2,Meal Plan 1,0,Room_Type 1,106,2018,10,7,Online,0,0,0,118.8,1,
36070,1,0,2,4,Meal Plan 1,0,Room_Type 4,16,2018,4,30,Online,0,0,0,154.33,0,
36071,1,0,0,1,Meal Plan 1,0,Room_Type 1,16,2018,10,5,Offline,0,0,0,129,1,
36072,1,0,0,2,Meal Plan 1,0,Room_Type 1,188,2018,6,15,Online,0,0,0,130,0,
36073,1,0,0,2,Meal Plan 1,0,Room_Type 1,188,2018,6,15,Offline,0,0,0,130,0,
36074,2,0,0,2,Not Selected,0,Room_Type 1,221,2018,8,17,Online,0,0,0,85.5,0,
36075,1,0,1,0,Meal Plan 1,0,Room_Type 1,3,2018,10,10,Online,0,0,0,118.58,1,
36076,2,0,0,3,Meal Plan 1,0,Room_Type 1,73,2018,4,26,Offline,0,0,0,77.04,0,
36077,1,0,2,2,Meal Plan 1,0,Room_Type 1,37,2018,3,11,Online,0,0,0,76.5,0,
36078,2,0,2,1,Meal Plan 1,0,Room_Type 2,194,2018,7,9,Online,0,0,0,86.62,0,
36079,1,0,1,1,Meal Plan 1,0,Room_Type 1,50,2018,4,4,Online,0,0,0,99.9,0,
36080,1,0,4,10,Meal Plan 1,0,Room_Type 1,17,2017,8,28,Online,0,0,0,97.77,1,
36081,1,0,0,1,Meal Plan 1,0,Room_Type 1,1,2018,8,2,Corporate,0,0,0,159,0,
36082,1,0,2,1,Meal Plan 1,0,Room_Type 1,6,2017,10,11,Online,0,0,0,97.02,2,
36083,2,0,1,1,Meal Plan 1,0,Room_Type 1,159,2018,4,9,Offline,0,0,0,70,1,
36084,3,0,0,2,Meal Plan 1,0,Room_Type 1,24,2017,7,9,Online,0,0,0,100,0,
36085,2,0,0,2,Meal Plan 1,0,Room_Type 1,56,2018,3,9,Online,0,0,0,78.3,0,
36086,2,0,2,1,Meal Plan 1,0,Room_Type 1,97,2018,10,30,Offline,0,0,0,80.75,0,
36087,2,0,1,2,Meal Plan 1,0,Room_Type 2,230,2018,7,29,Online,0,0,0,76.85,1,
36088,2,0,2,2,Not Selected,0,Room_Type 1,5,2017,12,26,Online,0,0,0,63,0,
36089,2,0,0,3,Not Selected,0,Room_Type 1,17,2018,9,15,Online,0,0,0,125.67,0,
36090,1,0,0,1,Meal Plan 1,0,Room_Type 1,12,2018,8,17,Complementary,1,1,1,0,0,
36091,2,0,0,1,Not Selected,0,Room_Type 1,36,2018,6,1,Online,0,0,0,89.1,2,
36092,2,0,0,3,Meal Plan 1,0,Room_Type 1,44,2018,2,17,Offline,0,0,0,75,0,
36093,2,0,1,3,Meal Plan 1,0,Room_Type 1,254,2018,9,29,Online,0,0,0,100.3,0,
36094,2,0,1,0,Not Selected,0,Room_Type 1,1,2018,4,17,Online,0,0,0,89,2,
36095,2,0,1,3,Not Selected,0,Room_Type 1,85,2018,8,29,Online,0,0,0,116.1,0,
36096,2,0,0,3,Meal Plan 1,0,Room_Type 1,115,2017,12,24,Online,0,0,0,72.25,1,
36097,2,0,0,1,Meal Plan 1,0,Room_Type 4,11,2018,4,7,Offline,0,0,0,92.8,0,
36098,1,0,0,1,Meal Plan 1,1,Room_Type 4,2,2018,1,23,Complementary,0,0,0,0,0,
36099,2,0,2,1,Meal Plan 1,0,Room_Type 1,141,2018,7,17,Online,0,0,0,105.3,2,
36100,2,0,2,2,Meal Plan 1,0,Room_Type 1,125,2017,8,7,Online,0,0,0,76.5,1,
36101,2,0,0,1,Meal Plan 1,0,Room_Type 1,221,2018,8,12,Online,0,0,0,80,0,
36102,2,0,2,1,Meal Plan 1,0,Room_Type 1,185,2018,3,27,Online,0,0,0,85,2,
36103,1,1,0,3,Meal Plan 1,0,Room_Type 1,178,2018,8,18,Online,0,0,0,124.5,0,
36104,2,0,1,2,Meal Plan 1,0,Room_Type 1,193,2018,6,20,Offline,0,0,0,120,0,
36105,2,0,0,3,Meal Plan 1,0,Room_Type 1,279,2018,10,12,Offline,0,0,0,110,0,
36106,2,0,1,2,Meal Plan 1,0,Room_Type 2,121,2018,7,25,Online,0,0,0,97.54,0,
36107,2,0,1,4,Meal Plan 1,0,Room_Type 4,41,2018,3,28,Online,0,0,0,114.04,0,
36108,2,0,2,1,Meal Plan 1,0,Room_Type 1,87,2018,6,26,Offline,0,0,0,77.29,0,
36109,2,0,1,2,Meal Plan 1,0,Room_Type 1,130,2018,4,15,Offline,0,0,0,71,0,
36110,2,0,1,0,Meal Plan 1,0,Room_Type 1,19,2018,6,12,Online,0,0,0,94.35,1,
36111,2,0,2,3,Not Selected,0,Room_Type 1,59,2018,8,28,Online,0,0,0,87.3,1,
36112,1,0,2,2,Meal Plan 1,0,Room_Type 1,147,2018,7,15,Online,0,0,0,89.25,0,
36113,2,0,1,4,Meal Plan 1,0,Room_Type 1,145,2018,7,4,Offline,0,0,0,112,1,
36114,1,0,1,1,Meal Plan 1,0,Room_Type 1,159,2018,4,9,Offline,0,0,0,65,0,
36115,1,0,1,1,Meal Plan 2,0,Room_Type 1,88,2017,10,5,Offline,0,0,0,90.6,0,
36116,2,0,2,2,Meal Plan 1,0,Room_Type 4,55,2018,1,29,Online,0,0,0,84.45,1,
36117,2,0,1,2,Meal Plan 1,0,Room_Type 1,147,2017,10,16,Online,0,0,0,89.25,0,
36118,3,0,2,1,Meal Plan 2,0,Room_Type 1,138,2017,8,22,Offline,0,0,0,138.5,1,
36119,2,1,1,2,Meal Plan 1,0,Room_Type 1,36,2018,10,28,Offline,0,0,0,100,1,
36120,3,0,2,2,Meal Plan 1,0,Room_Type 1,26,2018,3,26,Online,0,0,0,172,2,
36121,2,2,0,3,Meal Plan 1,0,Room_Type 6,67,2018,12,27,Online,0,0,0,168.9,0,
36122,2,0,0,2,Meal Plan 2,0,Room_Type 1,39,2017,8,14,Offline,0,0,0,109,0,
36123,2,0,0,2,Meal Plan 1,0,Room_Type 1,94,2018,4,28,Online,0,0,0,111.6,0,
36124,2,0,1,0,Meal Plan 1,0,Room_Type 1,39,2018,3,28,Online,0,0,0,117.9,1,
36125,3,0,2,1,Meal Plan 2,0,Room_Type 4,31,2018,8,28,Online,0,0,0,218,0,
36126,2,0,1,4,Meal Plan 1,0,Room_Type 1,34,2018,10,26,Offline,0,0,0,85,0,
36127,1,0,2,1,Meal Plan 1,0,Room_Type 1,1,2018,2,28,Offline,0,0,0,60,0,
36128,2,0,0,3,Meal Plan 1,0,Room_Type 1,82,2017,7,16,Online,0,0,0,76.5,0,
36129,2,0,0,1,Not Selected,0,Room_Type 1,15,2018,7,20,Online,0,0,0,89,0,
36130,1,0,1,0,Not Selected,0,Room_Type 1,7,2017,10,12,Corporate,0,0,0,80,0,
36131,2,0,0,3,Meal Plan 1,0,Room_Type 1,31,2018,10,27,Online,0,0,0,129,2,
36132,2,0,2,5,Not Selected,0,Room_Type 1,154,2018,8,11,Offline,0,0,0,63.75,0,
36133,2,0,2,0,Meal Plan 1,0,Room_Type 4,3,2017,12,6,Offline,0,0,0,78.2,0,
36134,2,0,0,1,Not Selected,0,Room_Type 1,4,2018,2,16,Online,0,0,0,79,0,
36135,1,0,1,1,Meal Plan 1,0,Room_Type 1,80,2018,11,21,Online,0,0,0,86.4,0,
36136,2,0,0,2,Meal Plan 1,0,Room_Type 2,133,2018,10,21,Online,0,0,0,110.7,1,
36137,2,0,2,1,Meal Plan 1,0,Room_Type 1,73,2018,1,10,Offline,0,0,0,59.8,0,
36138,2,0,0,1,Meal Plan 1,0,Room_Type 1,5,2018,12,20,Online,0,0,0,105,1,
36139,2,0,1,3,Not Selected,0,Room_Type 1,6,2018,12,15,Online,0,0,0,66.3,0,
36140,2,0,2,2,Meal Plan 1,0,Room_Type 1,214,2018,8,7,Online,0,0,0,90.95,1,
36141,1,0,0,3,Meal Plan 1,0,Room_Type 1,91,2018,9,14,Corporate,1,3,15,65,0,
36142,2,0,2,1,Meal Plan 1,0,Room_Type 4,34,2018,5,8,Offline,0,0,0,96.3,0,
36143,2,0,0,3,Not Selected,0,Room_Type 1,126,2018,9,8,Online,0,0,0,118.8,0,
36144,2,0,1,1,Meal Plan 1,0,Room_Type 1,174,2017,10,10,Offline,0,0,0,70,0,
36145,2,2,2,3,Not Selected,0,Room_Type 6,1,2017,8,9,Online,0,0,0,153,1,
36146,1,0,0,2,Meal Plan 1,0,Room_Type 1,181,2018,10,11,Offline,0,0,0,120,0,
36147,2,0,2,3,Meal Plan 1,0,Room_Type 1,303,2018,8,19,Offline,0,0,0,78,0,
36148,2,0,0,1,Not Selected,0,Room_Type 1,10,2018,2,13,Online,1,11,22,79,1,
36149,0,2,1,2,Meal Plan 1,0,Room_Type 2,78,2018,8,19,Online,0,0,0,115.68,1,
36150,1,0,0,1,Meal Plan 1,0,Room_Type 1,2,2017,9,10,Corporate,0,0,0,90,0,
36151,2,0,0,3,Meal Plan 1,0,Room_Type 1,148,2018,5,5,Online,0,0,0,105.3,0,
36152,2,0,0,3,Meal Plan 2,0,Room_Type 1,34,2017,9,23,Offline,0,0,0,224.67,0,
36153,3,0,2,5,Meal Plan 1,0,Room_Type 4,90,2018,7,7,Offline,0,0,0,144.13,2,
36154,2,0,0,1,Meal Plan 1,0,Room_Type 1,8,2018,11,5,Offline,0,0,0,130,0,
36155,2,0,1,2,Meal Plan 1,0,Room_Type 1,168,2018,4,22,Offline,0,0,0,85,0,
36156,1,0,1,0,Meal Plan 1,0,Room_Type 1,3,2017,11,2,Corporate,0,0,0,65,0,
36157,2,0,0,3,Meal Plan 1,0,Room_Type 6,96,2018,10,13,Online,0,0,0,190.8,2,
36158,2,0,0,2,Not Selected,0,Room_Type 1,12,2018,1,15,Online,0,0,0,77,1,
36159,1,0,2,1,Not Selected,0,Room_Type 1,1,2018,3,20,Online,0,0,0,74.95,1,
36160,2,0,0,1,Not Selected,0,Room_Type 1,1,2018,2,26,Online,0,0,0,79,0,
36161,2,0,0,1,Meal Plan 1,0,Room_Type 1,0,2018,5,24,Online,0,0,0,141,0,
36162,2,0,0,2,Not Selected,0,Room_Type 1,36,2018,7,1,Online,0,0,0,107.1,1,
36163,1,0,0,1,Meal Plan 1,0,Room_Type 1,55,2018,7,7,Corporate,0,0,0,79,0,
36164,1,0,0,1,Meal Plan 1,0,Room_Type 4,1,2018,2,26,Online,0,0,0,106,0,
36165,2,0,1,3,Meal Plan 1,0,Room_Type 1,18,2018,5,30,Offline,0,0,0,80.75,0,
36166,2,0,1,3,Meal Plan 1,0,Room_Type 1,54,2018,3,17,Online,0,0,0,89.46,1,
36167,2,2,2,2,Meal Plan 1,0,Room_Type 2,25,2018,1,1,Online,0,0,0,178.25,0,
36168,2,0,0,1,Meal Plan 1,0,Room_Type 1,80,2018,7,20,Online,0,0,0,105.3,0,
36169,1,0,0,2,Meal Plan 1,0,Room_Type 1,0,2018,3,15,Corporate,1,1,6,65,0,
36170,2,0,0,1,Not Selected,0,Room_Type 1,2,2018,6,30,Offline,0,0,0,75,0,
36171,2,0,0,1,Not Selected,0,Room_Type 1,143,2018,8,20,Online,0,0,0,94.5,0,
36172,1,0,0,1,Meal Plan 1,0,Room_Type 1,0,2018,11,23,Corporate,1,0,1,65,0,
36173,2,0,0,3,Meal Plan 1,0,Room_Type 1,2,2018,3,23,Online,0,0,0,136,1,
36174,2,0,0,1,Meal Plan 1,0,Room_Type 1,0,2018,6,21,Online,0,0,0,121.5,1,
36175,2,0,2,3,Meal Plan 1,0,Room_Type 1,131,2018,6,17,Online,0,0,0,105.74,1,
36176,2,0,0,3,Meal Plan 1,0,Room_Type 1,39,2018,2,10,Online,0,0,0,57.28,1,
36177,2,0,2,3,Meal Plan 1,0,Room_Type 1,210,2018,8,7,Online,0,0,0,90.95,1,
36178,1,0,0,3,Meal Plan 1,0,Room_Type 1,16,2018,11,16,Offline,0,0,0,75,0,
36179,2,0,2,3,Meal Plan 2,0,Room_Type 4,79,2018,9,15,Online,0,0,0,183.6,1,
36180,2,0,0,3,Meal Plan 1,0,Room_Type 4,50,2018,9,1,Online,0,0,0,98.64,0,
36181,2,0,1,2,Not Selected,0,Room_Type 1,11,2018,4,29,Online,0,0,0,122.33,0,
36182,2,0,2,1,Meal Plan 2,0,Room_Type 1,138,2017,8,22,Offline,0,0,0,94.5,0,
36183,3,0,1,3,Meal Plan 1,0,Room_Type 1,70,2018,3,28,Offline,0,0,0,84.15,1,
36184,2,0,0,3,Not Selected,0,Room_Type 1,122,2018,5,17,Online,0,0,0,94.5,0,
36185,2,0,2,2,Meal Plan 1,0,Room_Type 1,138,2018,4,23,Online,0,0,0,90.95,0,
36186,2,0,2,3,Meal Plan 1,0,Room_Type 1,228,2018,6,26,Online,0,0,0,77.23,1,
36187,2,0,2,5,Not Selected,0,Room_Type 1,53,2018,12,17,Online,0,0,0,74.8,2,
36188,2,0,0,1,Not Selected,0,Room_Type 1,7,2018,10,26,Online,0,0,0,120,0,
36189,2,0,0,4,Not Selected,0,Room_Type 1,174,2018,10,5,Online,0,0,0,98.1,2,
36190,1,0,2,5,Meal Plan 1,0,Room_Type 1,153,2018,6,26,Online,0,0,0,80.75,0,
36191,2,0,1,2,Meal Plan 1,0,Room_Type 1,104,2018,5,16,Offline,0,0,0,75,0,
36192,2,0,2,2,Meal Plan 1,0,Room_Type 1,164,2018,3,13,Online,0,0,0,90,2,
36193,2,0,1,2,Meal Plan 1,0,Room_Type 1,7,2018,11,14,Online,0,0,0,111,1,
36194,2,2,2,1,Meal Plan 1,1,Room_Type 6,217,2018,8,7,Online,0,0,0,177.3,1,
36195,1,0,1,0,Meal Plan 1,0,Room_Type 1,4,2018,6,20,Offline,0,0,0,76.5,0,
36196,2,0,0,3,Meal Plan 1,0,Room_Type 1,279,2018,10,12,Offline,0,0,0,110,0,
36197,2,0,0,2,Meal Plan 2,0,Room_Type 1,14,2017,9,17,Offline,0,0,0,82,0,
36198,1,0,0,1,Meal Plan 1,0,Room_Type 1,46,2018,3,1,Offline,0,0,0,59.32,0,
36199,2,0,0,1,Not Selected,0,Room_Type 1,39,2018,12,27,Online,0,0,0,74.8,2,
36200,2,0,0,2,Meal Plan 1,0,Room_Type 1,29,2018,12,2,Corporate,0,0,0,85,0,
36201,2,0,2,3,Meal Plan 1,0,Room_Type 1,107,2018,4,30,Online,0,0,0,99.45,2,
36202,3,0,1,2,Meal Plan 1,0,Room_Type 1,88,2018,7,18,Offline,0,0,0,96.9,1,
36203,2,0,1,2,Meal Plan 1,0,Room_Type 1,105,2018,4,18,Offline,0,0,0,80.75,0,
36204,1,0,2,1,Meal Plan 1,0,Room_Type 1,1,2018,4,9,Online,0,0,0,115,1,
36205,2,0,1,2,Meal Plan 1,0,Room_Type 4,4,2017,11,6,Offline,0,0,0,78.2,0,
36206,2,0,0,1,Meal Plan 1,0,Room_Type 1,122,2018,4,15,Offline,0,0,0,85,0,
36207,1,0,0,2,Meal Plan 2,0,Room_Type 1,256,2018,6,15,Offline,0,0,0,90,0,
36208,2,0,2,1,Meal Plan 2,0,Room_Type 1,18,2018,6,12,Online,0,0,0,149,0,
36209,2,0,2,1,Meal Plan 1,0,Room_Type 1,0,2017,8,22,Online,0,0,0,106.67,0,
36210,3,1,0,1,Meal Plan 1,0,Room_Type 6,31,2018,8,25,Online,0,0,0,225.4,1,
36211,2,0,0,1,Not Selected,0,Room_Type 1,23,2018,6,23,Online,0,0,0,89,0,
36212,1,0,0,3,Meal Plan 1,0,Room_Type 1,19,2017,10,6,Offline,1,1,0,80,0,
36213,2,0,0,3,Meal Plan 1,0,Room_Type 4,8,2018,11,30,Online,0,0,0,114,0,
36214,3,0,2,3,Meal Plan 1,0,Room_Type 4,110,2018,12,16,Online,0,0,0,119,2,
36215,3,0,2,2,Meal Plan 1,0,Room_Type 1,144,2018,7,22,Offline,0,0,0,96.9,0,
36216,2,0,1,0,Meal Plan 1,0,Room_Type 1,62,2018,9,4,Online,0,0,0,109.8,0,
36217,2,0,0,1,Not Selected,0,Room_Type 1,17,2018,12,10,Online,1,0,5,95,0,
36218,2,0,2,1,Meal Plan 1,0,Room_Type 1,67,2017,11,1,Offline,0,0,0,32.71,0,
36219,2,0,1,3,Not Selected,0,Room_Type 2,51,2018,3,21,Online,0,0,0,83.3,1,
36220,2,0,0,2,Meal Plan 1,0,Room_Type 1,107,2018,6,10,Offline,0,0,0,130,1,
36221,2,0,0,3,Meal Plan 1,0,Room_Type 1,200,2018,8,9,Online,0,0,0,72.25,1,
36222,2,0,0,3,Meal Plan 1,0,Room_Type 1,37,2018,10,13,Offline,0,0,0,105,0,
36223,2,0,0,1,Meal Plan 1,0,Room_Type 1,0,2017,9,11,Online,0,0,0,124,1,
36224,2,0,1,5,Meal Plan 1,0,Room_Type 1,40,2017,10,19,Online,0,0,0,104.85,1,
36225,2,0,0,4,Meal Plan 1,0,Room_Type 1,49,2017,12,30,Offline,0,0,0,71,0,
36226,3,0,1,3,Meal Plan 1,0,Room_Type 4,73,2018,7,4,Online,0,0,0,150.3,2,
36227,2,0,0,4,Meal Plan 1,0,Room_Type 1,253,2018,5,4,Offline,0,0,0,90,0,
36228,2,0,1,3,Meal Plan 1,0,Room_Type 4,290,2018,12,1,Online,0,0,0,86.7,0,
36229,2,0,1,3,Not Selected,0,Room_Type 1,91,2018,3,21,Online,0,0,0,67.95,0,
36230,1,0,2,0,Meal Plan 1,0,Room_Type 1,9,2018,1,31,Corporate,0,0,0,66,0,
36231,2,0,2,1,Not Selected,0,Room_Type 1,120,2018,12,4,Online,0,0,0,79.2,0,
36232,2,0,2,1,Meal Plan 1,0,Room_Type 1,54,2018,3,12,Online,0,0,0,78.3,1,
36233,3,0,2,5,Meal Plan 1,0,Room_Type 4,178,2018,7,28,Online,0,0,0,127.62,1,
36234,1,0,0,1,Meal Plan 1,1,Room_Type 1,18,2018,10,18,Corporate,1,0,10,65,1,
36235,3,0,0,1,Meal Plan 1,0,Room_Type 4,1,2018,12,6,Online,0,0,0,154,2,
36236,1,0,1,1,Meal Plan 1,0,Room_Type 1,0,2018,7,25,Corporate,0,0,0,84,0,
36237,2,0,1,2,Not Selected,0,Room_Type 1,19,2018,9,23,Online,0,0,0,139,1,
36238,2,0,0,2,Meal Plan 1,0,Room_Type 1,31,2018,2,4,Corporate,0,0,0,77,0,
36239,2,0,2,1,Meal Plan 1,0,Room_Type 4,21,2018,5,21,Online,0,0,0,156,0,
36240,1,0,0,3,Meal Plan 1,0,Room_Type 1,58,2018,1,27,Offline,0,0,0,81,0,
36241,2,0,2,1,Meal Plan 1,0,Room_Type 1,3,2017,9,19,Corporate,0,0,0,120,0,
36242,2,0,1,3,Meal Plan 1,0,Room_Type 1,18,2018,10,10,Offline,0,0,0,85,0,
36243,2,0,2,7,Not Selected,0,Room_Type 1,7,2018,11,15,Online,0,0,0,79.14,0,
36244,1,0,2,3,Meal Plan 1,0,Room_Type 1,25,2018,4,10,Online,0,0,0,104.2,1,
36245,2,0,1,5,Meal Plan 1,1,Room_Type 4,133,2018,5,24,Online,0,0,0,127.15,1,
36246,2,0,0,3,Meal Plan 1,0,Room_Type 1,280,2018,12,6,Online,0,0,0,78.3,2,
36247,2,0,0,1,Meal Plan 1,0,Room_Type 1,221,2018,8,12,Online,0,0,0,80,0,
36248,2,0,0,3,Meal Plan 1,0,Room_Type 1,177,2018,6,30,Offline,0,0,0,72.25,1,
36249,2,0,1,2,Meal Plan 1,0,Room_Type 1,39,2017,11,27,Online,0,0,0,96.3,2,
36250,2,0,0,2,Meal Plan 1,0,Room_Type 4,2,2018,10,4,Online,0,0,0,134.75,1,
36251,2,0,1,2,Meal Plan 1,0,Room_Type 1,280,2018,9,19,Offline,0,0,0,110,0,
36252,2,0,1,4,Not Selected,0,Room_Type 1,75,2018,11,2,Online,0,0,0,79.2,2,
36253,2,0,2,0,Meal Plan 1,0,Room_Type 1,14,2018,9,11,Online,0,0,0,118,1,
36254,1,0,2,5,Meal Plan 1,0,Room_Type 1,0,2017,10,30,Offline,0,0,0,62,0,
36255,2,0,1,3,Meal Plan 1,0,Room_Type 1,23,2018,3,10,Online,0,0,0,96,0,
36256,2,0,0,2,Meal Plan 1,0,Room_Type 1,298,2018,5,10,Offline,0,0,0,93,0,
36257,2,0,0,1,Not Selected,0,Room_Type 1,4,2018,7,16,Online,0,0,0,139,1,
36258,1,0,1,3,Meal Plan 1,0,Room_Type 1,35,2018,11,7,Online,0,0,0,199,2,
36259,2,0,0,4,Not Selected,0,Room_Type 2,117,2018,6,28,Online,0,0,0,97.75,1,
36260,2,0,0,4,Meal Plan 1,0,Room_Type 1,120,2018,8,2,Offline,0,0,0,72.25,0,
36261,2,0,2,0,Meal Plan 2,0,Room_Type 1,386,2018,10,23,Offline,0,0,0,115,1,
36262,2,1,2,1,Meal Plan 1,0,Room_Type 1,30,2018,3,13,Offline,0,0,0,85,0,
36263,2,0,2,0,Meal Plan 1,1,Room_Type 1,2,2017,8,9,Online,0,0,0,99,2,
36264,2,0,1,2,Meal Plan 1,0,Room_Type 1,81,2018,3,25,Offline,0,0,0,65,0,
36265,1,0,0,1,Meal Plan 1,0,Room_Type 1,5,2018,3,2,Online,0,0,0,92,0,
36266,1,0,0,2,Meal Plan 1,0,Room_Type 4,5,2018,11,2,Corporate,0,0,0,94,0,
36267,1,0,0,3,Meal Plan 1,0,Room_Type 1,166,2018,11,1,Offline,0,0,0,110,0,
36268,2,0,2,2,Meal Plan 1,0,Room_Type 1,99,2017,10,30,Online,0,0,0,65,0,
36269,2,0,1,2,Meal Plan 1,0,Room_Type 1,66,2017,10,9,Offline,0,0,0,75,0,
36270,2,0,0,2,Meal Plan 1,0,Room_Type 4,74,2018,10,21,Online,0,0,0,132.3,0,
36271,1,0,0,3,Meal Plan 1,0,Room_Type 4,73,2018,6,16,Online,0,0,0,149.4,1,
36272,2,0,0,3,Not Selected,0,Room_Type 1,9,2018,7,27,Offline,0,0,0,75,0,
36273,2,0,0,1,Meal Plan 1,0,Room_Type 1,0,2017,8,12,Online,0,0,0,138,0,
36274,2,0,0,2,Meal Plan 1,0,Room_Type 4,195,2018,6,30,Offline,0,0,0,82.45,1,
36275,0,2,0,1,Meal Plan 1,0,Room_Type 2,11,2018,8,19,Online,0,0,0,127.6,1,
